instant;dteday;season;yr;mnth;holiday;weekday;workingday;weathersit;temp;atemp;hum;windspeed;leaflets;price reduction;casual;registered;cnt
1;01.01.2011;;0;1;0;6;0;2;13.7667;0.363625;120.87495;0.160446;755;0;331;654;985
2;02.01.2011;1.0;0;1;0;0;0;2;14.5391;0.3537389999999999;104.41305;0.2485389999999999;837;1;131;670;801
3;03.01.2011;;0;1;0;1;1;1;7.8546;0.189405;65.59095;0.248309;829;0;120;1229;1349
4;04.01.2011;1.0;0;1;0;2;1;1;8.0;0.2121219999999999;88.56525;0.160296;734;0;108;1454;1562
5;05.01.2011;1.0;0;1;0;3;1;1;9.0783;0.2292699999999999;65.54355;0.1869;745;0;82;1518;1600
6;06.01.2011;1.0;0;1;0;4;1;1;8.1739;0.233209;77.73915;0.0895652;734;1;88;1518;1606
8;08.01.2011;1.0;0;1;0;6;0;2;6.6;0.162254;80.37495;0.266804;990;0;68;891;959
9;09.01.2011;1.0;0;1;0;0;0;1;5.5333;0.116175;65.12505;0.36195;836;0;54;768;822
10;10.01.2011;1.0;0;1;0;1;1;1;6.0333;0.150888;72.43755;0.223267;897;0;41;1280;1321
12;12.01.2011;1.0;0;1;0;3;1;1;6.9091;0.160473;89.93175;0.304627;889;0;25;1137;1162
13;13.01.2011;1.0;0;1;0;4;1;1;6.6;0.150883;70.56255;0.301;572;1;38;1368;1406
15;15.01.2011;1.0;0;1;0;6;0;2;9.3333;0.248112;74.8125;0.157963;991;0;222;1026;1248
17;17.01.2011;1.0;0;1;1;1;0;2;7.0333;0.176771;80.625;0.194017;650;0;117;883;1000
19;19.01.2011;1.0;0;1;0;3;1;2;11.687;0.2984219999999999;111.26085;0.208317;1024;0;78;1572;1650
20;20.01.2011;1.0;0;1;0;4;1;2;10.4667;0.25505;;0.195904;992;0;83;1844;1927
21;21.01.2011;1.0;0;1;0;5;1;1;7.1;0.157833;68.56245;0.353242;725;0;75;1468;1543
22;22.01.2011;1.0;0;1;0;6;0;1;2.3652;0.0790696;60.0;0.17197;891;0;93;888;981
23;23.01.2011;1.0;0;1;0;0;0;1;3.8609;0.0988391;65.4783;0.2466;932;1;150;836;986
25;25.01.2011;1.0;0;1;0;2;1;2;8.9391;0.234526;92.54355;0.129796;977;0;186;1799;1985
26;26.01.2011;1.0;0;1;0;3;1;3;8.7;0.2036;129.375;0.29385;602;0;34;472;506
28;28.01.2011;1.0;0;1;0;5;1;2;8.1391;0.223317;118.95645;0.1233;854;0;38;1129;1167
29;29.01.2011;1.0;0;1;0;6;0;1;7.8609;0.212126;;0.145365;1018;0;123;975;1098
30;30.01.2011;1.0;0;1;0;0;0;1;8.6609;0.250322;108.3261;0.0739826;548;0;140;956;1096
31;31.01.2011;;0;1;0;1;1;2;7.2333;0.18625;90.5625;0.187192;901;0;42;1459;1501
32;01.02.2011;1.0;0;2;0;2;1;2;7.687;0.23453;124.43475;0.0532129999999999;914;0;47;1313;1360
33;02.02.2011;1.0;0;2;0;3;1;2;10.4;0.254417;116.31255;0.264308;678;0;72;1454;1526
36;05.02.2011;1.0;0;2;0;6;0;2;9.3333;0.243058;139.37505;0.161079;707;0;100;905;1005
37;06.02.2011;1.0;0;2;0;0;0;1;11.4333;0.291671;85.24995;0.1418;565;0;354;1269;1623
39;08.02.2011;1.0;0;2;0;2;1;1;8.8333;0.198246;80.68755;0.36195;611;0;64;1466;1530
40;09.02.2011;;0;2;0;3;1;2;5.3913;0.144283;74.21745;0.188839;474;0;53;1552;1605
41;10.02.2011;1.0;0;2;0;4;1;1;5.7739;0.149548;65.60865;0.221935;840;0;47;1491;1538
42;11.02.2011;1.0;0;2;0;5;1;1;7.5636;0.213509;75.9546;0.10855;946;0;149;1597;1746
43;12.02.2011;1.0;0;2;0;6;0;1;8.9;0.232954;81.62505;0.203367;709;0;288;1184;1472
44;13.02.2011;1.0;0;2;0;0;0;1;12.6609;0.324113;68.60865;0.260883;686;1;397;1192;1589
45;14.02.2011;1.0;0;2;0;1;1;1;16.6;0.39835;56.37495;0.417908;949;1;208;1705;1913
46;15.02.2011;1.0;0;2;0;2;1;1;10.6435;0.254274;47.1522;0.2913739999999999;565;0;140;1675;1815
47;16.02.2011;1.0;0;2;0;3;1;1;12.7304;0.3162;63.5217;0.251791;1029;0;218;1897;2115
48;17.02.2011;1.0;0;2;0;4;1;1;17.4333;0.428658;75.75;0.230104;756;0;259;2216;2475
49;18.02.2011;1.0;0;2;0;5;1;1;20.8667;0.511983;77.50005;0.264925;681;0;579;2348;2927
50;19.02.2011;;0;2;0;6;0;1;15.9667;0.391404;28.18755;0.507463;623;0;532;1103;1635
51;20.02.2011;1.0;0;2;0;0;0;1;11.4087;0.27733;61.1739;0.223235;628;0;639;1173;1812
52;21.02.2011;1.0;0;2;1;1;0;2;12.1333;0.284075;90.75;0.307846;802;0;195;912;1107
54;23.02.2011;1.0;0;2;0;3;1;1;8.8696;0.245717;63.45645;0.094113;674;1;139;1778;1917
55;24.02.2011;1.0;0;2;0;4;1;2;11.8261;0.289191;104.60865;0.250496;759;0;100;1707;1807
56;25.02.2011;1.0;0;2;0;5;1;2;14.5739;0.350461;;0.346539;493;0;120;1341;1461
57;26.02.2011;1.0;0;2;0;6;0;1;11.3;0.282192;80.68755;0.186571;522;0;424;1545;1969
58;27.02.2011;1.0;0;2;0;0;0;1;13.7391;0.351109;102.0;0.125248;736;0;694;1708;2402
59;28.02.2011;1.0;0;2;0;1;1;2;16.2909;0.400118;;0.289686;471;1;81;1365;1446
60;01.03.2011;1.0;0;3;0;2;1;1;10.6667;0.263879;80.25;0.216425;971;0;137;1714;1851
62;03.03.2011;1.0;0;3;0;4;1;1;7.9333;0.200133;47.74995;0.225754;759;0;123;1562;1685
63;04.03.2011;1.0;0;3;0;5;1;2;10.4667;0.255679;91.56255;0.203346;932;1;214;1730;1944
65;06.03.2011;1.0;0;3;0;0;0;2;15.0609;0.366252;142.23915;0.343287;667;0;114;491;605
66;07.03.2011;1.0;0;3;0;1;1;1;10.4696;0.238461;82.6956;0.341352;981;1;244;1628;1872
67;08.03.2011;1.0;0;3;0;2;1;1;11.7;0.3024;63.12495;0.12065;924;0;316;1817;2133
68;09.03.2011;1.0;0;3;0;3;1;2;11.8333;0.286608;116.31255;0.22015;521;1;191;1700;1891
70;11.03.2011;1.0;0;3;0;5;1;2;12.6609;0.305;97.43475;0.2329699999999999;487;1;247;1730;1977
71;12.03.2011;1.0;0;3;0;6;0;1;13.1667;0.32575;89.18745;0.220775;580;0;724;1408;2132
72;13.03.2011;1.0;0;3;0;0;0;1;15.3739;0.380091;79.10865;0.270604;943;0;982;1435;2417
73;14.03.2011;1.0;0;3;0;1;1;1;13.0087;0.332;74.54355;0.136926;926;0;359;1687;2046
75;16.03.2011;1.0;0;3;0;3;1;2;14.6087;0.36693;116.4783;0.203117;837;0;321;1871;2192
76;17.03.2011;1.0;0;3;0;4;1;1;16.6;0.410333;90.43755;0.209579;649;0;424;2320;2744
77;18.03.2011;1.0;0;3;0;5;1;1;21.6;0.5270090000000001;78.78255;0.231017;799;0;884;2355;3239
78;19.03.2011;1.0;0;3;0;6;0;1;18.9;0.466525;56.87505;0.368167;1022;1;1424;1693;3117
79;20.03.2011;1.0;0;3;0;0;0;1;13.3;0.32575;71.0625;0.207721;870;0;1047;1424;2471
80;21.03.2011;2.0;0;3;0;1;1;2;17.2174;0.409735;110.60865;0.288783;817;0;401;1676;2077
81;22.03.2011;;0;3;0;2;1;1;17.6667;0.440642;93.68745;0.22575;551;0;460;2243;2703
82;23.03.2011;2.0;0;3;0;3;1;2;13.8783;0.337939;125.93475;0.234261;516;0;203;1918;2121
83;24.03.2011;2.0;0;3;0;4;1;2;11.4;0.270833;120.87495;0.2437869999999999;861;0;166;1699;1865
84;25.03.2011;2.0;0;3;0;5;1;1;10.5667;0.256312;74.25;0.230725;776;0;300;1910;2210
87;28.03.2011;;0;3;0;1;1;1;10.5739;0.2575739999999999;45.3261;0.212204;870;0;222;1806;2028
88;29.03.2011;2.0;0;3;0;2;1;1;12.1;0.292908;47.12505;0.226996;829;0;317;2108;2425
91;01.04.2011;2.0;0;4;0;5;1;2;12.0;0.283454;102.9375;0.258708;699;1;307;1920;2227
92;02.04.2011;2.0;0;4;0;6;0;2;12.6;0.315637;98.0625;0.197146;672;0;898;1354;2252
93;03.04.2011;2.0;0;4;0;0;0;1;15.1333;0.378767;72.0;0.182213;829;0;1651;1598;3249
95;05.04.2011;2.0;0;4;0;2;1;2;16.5667;0.39835;96.31245;0.388067;626;0;167;1628;1795
96;06.04.2011;2.0;0;4;0;3;1;1;15.6333;0.387608;70.62495;0.263063;789;0;413;2395;2808
97;07.04.2011;2.0;0;4;0;4;1;1;17.5;0.433696;90.43755;0.1623119999999999;929;0;571;2570;3141
98;08.04.2011;2.0;0;4;0;5;1;2;13.4333;0.324479;125.4375;0.226992;907;0;172;1299;1471
99;09.04.2011;2.0;0;4;0;6;0;2;13.7;0.3415289999999999;131.625;0.1330829999999999;803;0;879;1576;2455
100;10.04.2011;2.0;0;4;0;0;0;2;17.0667;0.426737;128.625;0.146767;661;0;1188;1707;2895
101;11.04.2011;2.0;0;4;0;1;1;2;23.8261;0.565217;107.5434;0.324474;799;0;855;2493;3348
102;12.04.2011;2.0;0;4;0;2;1;2;20.1;0.493054;110.87505;0.274879;813;0;257;1777;2034
103;13.04.2011;2.0;0;4;0;3;1;2;16.5;0.417283;122.87505;0.250617;694;1;209;1953;2162
104;14.04.2011;2.0;0;4;0;4;1;1;18.7;0.462742;81.06255;0.1107;726;0;529;2738;3267
106;16.04.2011;2.0;0;4;0;6;0;3;17.2333;0.425492;133.24995;0.340808;577;0;121;674;795
107;17.04.2011;2.0;0;4;0;-1;0;1;18.2667;0.445696;71.93745;0.303496;676;0;1558;2186;3744
108;18.04.2011;;0;4;0;1;1;1;20.5;0.503146;81.375;0.163567;637;0;669;2760;3429
109;19.04.2011;2.0;0;4;0;2;1;2;20.2333;0.4892579999999999;99.87495;0.157971;707;0;409;2795;3204
110;20.04.2011;2.0;0;4;0;3;1;1;23.8;0.564392;92.12505;0.241925;750;1;613;3331;3944
111;21.04.2011;2.0;0;4;0;4;1;1;18.3667;0.453892;61.06245;0.325258;995;0;745;3444;4189
112;22.04.2011;2.0;0;4;0;5;1;2;13.4667;0.321954;109.43745;0.219521;540;1;177;1506;1683
114;24.04.2011;2.0;0;4;0;0;0;2;23.2667;0.551763;121.62495;0.192175;697;0;1710;2481;4191
115;25.04.2011;2.0;0;4;0;1;1;1;24.2667;0.5745;116.50005;0.185333;757;0;773;3300;4073
117;27.04.2011;2.0;0;4;0;3;1;2;24.8;0.575142;125.31255;0.3122;849;1;547;3325;3872
118;28.04.2011;;0;4;0;4;1;2;24.7;0.578929;;0.3209079999999999;763;0;569;3489;4058
119;29.04.2011;2.0;0;4;0;5;1;1;20.4;0.497463;68.56245;0.240063;911;1;878;3717;4595
122;02.05.2011;2.0;0;5;0;1;1;2;21.9667;0.532833;;0.183454;504;0;847;3554;4401
123;03.05.2011;2.0;0;5;0;2;1;2;24.6667;0.582079;104.56245;0.342667;666;0;603;3848;4451
124;04.05.2011;;0;5;0;3;1;2;16.5667;0.40465;110.56245;0.328996;569;0;255;2378;2633
125;05.05.2011;;0;5;0;4;1;1;18.3667;0.441917;66.62505;0.295392;789;0;614;3819;4433
126;06.05.2011;2.0;0;5;0;5;1;1;19.1667;0.474117;;0.228246;695;0;894;3714;4608
127;07.05.2011;2.0;0;5;0;6;0;1;20.8;0.512621;81.1875;0.16045;1014;0;1612;3102;4714
128;08.05.2011;2.0;0;5;0;0;0;1;21.1333;0.518933;94.75005;0.0746375;991;0;1401;2932;4333
129;09.05.2011;2.0;0;5;0;1;1;1;21.3;0.525246;88.3125;0.176;838;0;664;3698;4362
130;10.05.2011;2.0;0;5;0;2;1;1;21.3;0.522721;73.37505;0.115671;473;0;694;4109;4803
131;11.05.2011;2.0;0;5;0;3;1;1;21.7;0.5284;94.93755;0.120642;549;0;550;3632;4182
132;12.05.2011;2.0;0;5;0;4;1;1;21.4;0.523363;;0.189667;983;0;695;4169;4864
134;14.05.2011;2.0;0;5;0;6;0;2;20.8333;0.500629;138.375;0.13495;928;0;902;2507;3409
135;15.05.2011;2.0;0;5;0;0;0;2;22.5;0.536;130.06245;0.152979;1024;0;1582;2971;4553
136;16.05.2011;2.0;0;5;0;1;1;1;23.1;0.550512;118.18755;0.126871;470;0;773;3185;3958
137;17.05.2011;2.0;0;5;0;2;1;2;22.4667;0.538529;125.68755;0.277354;537;0;678;3445;4123
138;18.05.2011;2.0;0;5;0;3;1;2;22.0;0.527158;;0.201492;832;0;536;3319;3855
139;19.05.2011;2.0;0;5;0;4;1;2;21.2333;0.510742;124.43745;0.108213;878;0;735;3840;4575
140;20.05.2011;2.0;0;5;0;5;1;1;21.4667;0.529042;107.93745;0.125013;528;0;909;4008;4917
142;22.05.2011;;0;5;0;0;0;1;24.1667;0.5745;112.43745;0.148008;703;0;1576;3084;4660
143;23.05.2011;;0;5;0;1;1;2;25.2667;0.590296;121.5;0.233842;545;0;836;3438;4274
144;24.05.2011;2.0;0;5;0;2;1;2;26.4;0.604813;111.12495;0.207092;829;0;659;3833;4492
145;25.05.2011;2.0;0;5;0;3;1;1;26.4333;0.615542;104.4375;0.1542329999999999;702;0;740;4238;4978
146;26.05.2011;2.0;0;5;0;4;1;1;28.3333;0.654688;101.625;0.199642;720;0;758;3919;4677
147;27.05.2011;2.0;0;5;0;5;1;1;27.2667;0.637008;98.0625;0.240679;789;0;871;3808;4679
148;28.05.2011;2.0;0;5;0;6;0;1;26.2333;0.612379;109.43745;0.230092;712;0;2001;2757;4758
149;29.05.2011;2.0;0;5;0;0;0;1;26.7;0.61555;;0.213938;667;1;2355;2433;4788
150;30.05.2011;2.0;0;5;1;1;0;1;29.3333;0.671092;102.75;0.131225;483;0;1549;2549;4098
151;31.05.2011;2.0;0;5;0;2;1;1;31.0;0.725383;95.50005;0.111329;843;0;673;3309;3982
152;01.06.2011;2.0;0;6;0;3;1;2;30.5667;0.720967;101.56245;0.207092;694;0;513;3461;3974
153;02.06.2011;2.0;0;6;0;4;1;1;28.6;0.643942;45.75;0.2922869999999999;740;1;736;4232;4968
154;03.06.2011;2.0;0;6;0;5;1;1;24.8;0.587133;53.12505;0.253121;991;0;898;4414;5312
155;04.06.2011;2.0;0;6;0;6;0;1;25.4;0.594696;68.4375;-1.0;624;0;1869;3473;5342
156;05.06.2011;2.0;0;6;0;0;0;2;25.9333;0.616804;97.875;0.138692;495;0;1685;3221;4906
157;06.06.2011;2.0;0;6;0;1;1;1;27.1333;0.621858;90.0;0.121896;912;0;673;3875;4548
158;07.06.2011;2.0;0;6;0;2;1;1;28.3;0.65595;89.68755;0.187808;464;1;763;4070;4833
160;09.06.2011;2.0;0;6;0;4;1;2;32.3333;0.757579;85.24995;0.149883;906;0;563;3352;3915
161;10.06.2011;2.0;0;6;0;5;1;1;30.2;0.703292;90.75;0.1405539999999999;840;0;815;3771;4586
162;11.06.2011;2.0;0;6;0;6;0;1;29.0;0.678038;98.18745;0.15485;841;0;1729;3237;4966
163;12.06.2011;2.0;0;6;0;0;0;1;27.7;0.643325;112.18755;0.163567;495;0;1467;2993;4460
164;13.06.2011;2.0;0;6;0;1;1;1;25.4;0.601654;74.18745;0.30535;706;0;863;4157;5020
165;14.06.2011;2.0;0;6;0;2;1;1;24.1667;0.591546;76.06245;0.269283;858;0;727;4164;4891
166;15.06.2011;;0;6;0;3;1;1;25.0667;0.587754;70.75005;0.1679119999999999;749;0;769;4411;5180
167;16.06.2011;2.0;0;6;0;4;1;2;25.1333;0.595346;103.24995;0.206471;462;0;545;3222;3767
168;17.06.2011;2.0;0;6;0;5;1;1;25.9667;0.600383;110.37495;0.143029;659;1;863;3981;4844
169;18.06.2011;2.0;0;6;0;6;0;1;27.8667;0.643954;100.56255;0.1194079999999999;617;0;1807;3312;5119
170;19.06.2011;2.0;0;6;0;-1;0;2;27.9667;0.645846;100.00005;0.102;1019;0;1639;3105;4744
171;20.06.2011;2.0;0;6;0;1;1;2;25.4;0.595346;111.9375;0.155475;1018;0;699;3311;4010
172;21.06.2011;3.0;0;6;0;2;1;2;27.2333;0.637646;115.56255;0.171025;474;0;774;4061;4835
174;23.06.2011;3.0;0;6;0;4;1;2;29.1333;0.693833;105.49995;0.238804;925;0;746;4044;4790
175;24.06.2011;3.0;0;6;0;5;1;1;28.9667;0.656583;85.99995;0.222025;779;0;969;4022;4991
176;25.06.2011;;0;6;0;6;0;1;27.8;0.643313;72.49995;0.209571;465;0;1782;3420;5202
177;26.06.2011;3.0;0;6;0;0;0;1;27.2;0.637629;76.99995;0.0945333;976;0;1920;3385;5305
178;27.06.2011;3.0;0;6;0;1;1;2;27.3;0.637004;98.74995;0.107588;819;0;854;3854;4708
179;28.06.2011;3.0;0;6;0;2;1;1;29.7667;0.692558;95.12505;0.144283;997;0;732;3916;4648
182;01.07.2011;3.0;0;7;0;5;1;1;28.9;0.652162;59.4375;0.1026079999999999;795;0;1246;4116;5362
184;03.07.2011;;0;7;0;0;0;2;28.6667;0.668575;102.375;0.228858;722;0;2282;2367;4649
185;04.07.2011;3.0;0;7;1;1;0;2;29.0667;0.665417;95.68755;0.0814791999999999;749;0;3065;2978;6043
186;05.07.2011;3.0;0;7;0;2;1;1;29.8667;0.696338;88.56255;0.1262579999999999;874;0;1031;3634;4665
187;06.07.2011;3.0;0;7;0;3;1;1;28.8;0.685633;111.49995;0.149883;780;0;784;3845;4629
188;07.07.2011;3.0;0;7;0;4;1;1;30.0;0.686871;;0.1592;723;0;754;3838;4592
189;08.07.2011;3.0;0;7;0;5;1;2;28.3667;0.6704829999999999;113.68755;0.225129;1015;0;692;3348;4040
190;09.07.2011;3.0;0;7;0;6;0;1;29.3333;0.664158;91.37505;0.1679119999999999;755;0;1988;3348;5336
191;10.07.2011;3.0;0;7;0;0;0;1;29.9;0.690025;86.74995;0.183471;492;0;1743;3138;4881
192;11.07.2011;3.0;0;7;0;1;1;1;30.5;0.729804;95.37495;0.282337;730;0;723;3363;4086
193;12.07.2011;3.0;0;7;0;2;1;1;31.7667;0.739275;83.87505;0.200254;670;0;662;3596;4258
195;14.07.2011;3.0;0;7;0;4;1;1;27.2333;0.635104;71.4375;0.240667;711;1;888;4196;5084
197;16.07.2011;3.0;0;7;0;6;0;1;27.4667;0.638263;87.75;-1.0;731;0;2418;3505;5923
199;18.07.2011;3.0;0;7;0;1;1;1;29.8667;0.703925;97.6875;0.215804;840;0;841;3617;4458
202;21.07.2011;3.0;0;7;0;4;1;2;32.6;0.826371;103.6875;0.222021;788;0;632;3152;3784
204;23.07.2011;3.0;0;7;0;6;0;1;33.9667;0.804287;75.0;0.131221;944;0;987;2298;3285
205;24.07.2011;3.0;0;7;0;0;0;1;33.2;0.794829;82.62495;0.169171;561;0;1050;2556;3606
206;25.07.2011;3.0;0;7;0;1;1;1;29.7333;0.720958;113.56245;0.0908083;474;0;568;3272;3840
207;26.07.2011;3.0;0;7;0;2;1;1;30.8667;0.696979;81.12495;0.200258;692;0;750;3840;4590
208;27.07.2011;;0;7;0;3;1;1;31.0;0.690667;60.43755;0.183463;654;0;755;3901;4656
211;30.07.2011;3.0;0;7;0;6;0;1;32.1667;0.728537;69.87495;0.168537;637;0;1559;2916;4475
212;31.07.2011;3.0;0;7;0;0;0;1;32.2333;0.729796;72.12495;0.164813;724;0;1524;2778;4302
213;01.08.2011;3.0;0;8;0;1;1;1;30.8667;0.703292;;0.156717;533;0;729;3537;4266
214;02.08.2011;3.0;0;8;0;2;1;1;31.3333;0.707071;73.6875;0.20585;617;0;801;4044;4845
215;03.08.2011;3.0;0;8;0;3;1;2;29.2667;0.679937;98.625;0.1355829999999999;934;0;467;3107;3574
216;04.08.2011;3.0;0;8;0;4;1;2;28.4;0.664788;113.625;0.19715;939;1;799;3777;4576
217;05.08.2011;3.0;0;8;0;5;1;1;28.4333;0.656567;94.62495;0.184696;747;0;1023;3843;4866
218;06.08.2011;3.0;0;8;0;6;0;2;28.6667;0.676154;;0.22825;711;0;1521;2773;4294
219;07.08.2011;3.0;0;8;0;0;0;1;29.7;0.715292;112.93755;0.201487;769;0;1298;2487;3785
221;09.08.2011;3.0;0;8;0;2;1;1;31.0;0.724121;85.56255;0.151121;464;0;907;3695;4602
222;10.08.2011;3.0;0;8;0;3;1;1;30.6667;0.684983;63.62505;0.200258;709;0;884;3896;4780
223;11.08.2011;3.0;0;8;0;4;1;1;28.7;0.651521;63.5625;0.164796;980;0;812;3980;4792
224;12.08.2011;;0;8;0;5;1;1;28.3333;0.654042;62.25;-1.0;835;0;1051;3854;4905
225;13.08.2011;3.0;0;8;0;6;0;2;27.4333;0.645858;109.43745;0.211454;935;0;1504;2646;4150
226;14.08.2011;3.0;0;8;0;0;0;2;27.0667;0.624388;122.625;0.222633;959;0;1338;2482;3820
227;15.08.2011;3.0;0;8;0;1;1;1;26.6333;0.616167;106.81245;0.208954;815;0;775;3563;4338
228;16.08.2011;3.0;0;8;0;2;1;1;28.0333;0.645837;86.74995;0.2363289999999999;1019;0;721;4004;4725
229;17.08.2011;3.0;0;8;0;3;1;1;28.9333;0.666671;86.31255;0.143667;905;0;668;4026;4694
230;18.08.2011;3.0;0;8;0;4;1;1;28.4667;0.662258;98.18745;0.233208;846;0;639;3166;3805
231;19.08.2011;3.0;0;8;0;5;1;2;27.4;0.633221;108.43755;0.139308;687;0;797;3356;4153
232;20.08.2011;;0;8;0;6;0;1;27.9;0.648996;101.12505;0.104467;675;0;1914;3277;5191
234;22.08.2011;3.0;0;8;0;1;1;1;27.6667;0.638254;70.5;0.27675;990;0;833;3925;4758
235;23.08.2011;;0;8;0;2;1;1;25.6333;0.606067;68.31255;0.146763;982;0;1281;4614;5895
236;24.08.2011;3.0;0;8;0;3;1;1;26.9333;0.630692;90.75;-1.0;935;0;949;4181;5130
237;25.08.2011;3.0;0;8;0;4;1;2;27.3667;0.645854;115.75005;0.210833;786;0;435;3107;3542
238;26.08.2011;3.0;0;8;0;5;1;1;28.0;0.659733;114.1875;0.0839625;875;0;768;3893;4661
240;28.08.2011;3.0;0;8;0;0;0;1;28.2824;0.6479590000000001;84.26475;0.304659;615;0;1415;2919;4334
241;29.08.2011;3.0;0;8;0;1;1;1;25.4667;0.607958;83.18745;0.159825;587;0;729;3905;4634
242;30.08.2011;3.0;0;8;0;2;1;1;25.5667;0.594704;82.24995;0.1250079999999999;576;1;775;4429;5204
243;31.08.2011;;0;8;0;3;1;1;26.2667;0.611121;89.68755;0.0833333;628;0;688;4370;5058
245;02.09.2011;3.0;0;9;0;5;1;2;25.7333;0.604808;;0.139929;908;0;875;3852;4727
247;04.09.2011;3.0;0;9;0;0;0;1;28.3667;0.665429;111.31245;0.206467;606;0;2521;2419;4940
248;05.09.2011;3.0;0;9;1;1;0;2;26.9333;0.625646;118.56255;0.212696;887;1;1236;2115;3351
249;06.09.2011;3.0;0;9;0;2;1;3;21.6;0.5152;133.04355;0.343943;763;0;204;2506;2710
250;07.09.2011;3.0;0;9;0;3;1;3;23.9667;0.544229;137.56245;0.0970208;892;0;118;1878;1996
251;08.09.2011;3.0;0;9;0;-1;1;3;25.3565;0.555361;140.93475;0.192748;684;1;153;1689;1842
252;09.09.2011;3.0;0;9;0;5;1;2;26.0;0.578946;134.68755;0.1243789999999999;1002;0;417;3127;3544
253;10.09.2011;3.0;0;9;0;6;0;1;26.4;0.607962;113.0625;0.153608;560;0;1750;3595;5345
254;11.09.2011;3.0;0;9;0;0;0;1;26.1333;0.609229;107.0625;0.1150539999999999;1005;0;1633;3413;5046
255;12.09.2011;3.0;0;9;0;1;1;1;25.7739;0.60213;103.8261;0.088913;532;0;690;4023;4713
256;13.09.2011;3.0;0;9;0;2;1;1;26.0333;0.603554;106.875;0.1418039999999999;652;1;701;4062;4763
257;14.09.2011;3.0;0;9;0;3;1;1;26.9333;0.6269;104.56245;0.1673;761;0;647;4138;4785
258;15.09.2011;;0;9;0;4;1;2;23.1;0.553671;106.37505;0.271146;501;0;428;3231;3659
259;16.09.2011;3.0;0;9;0;5;1;2;18.7667;0.461475;88.56255;0.164183;467;0;742;4018;4760
260;17.09.2011;3.0;0;9;0;6;0;2;19.6667;0.478512;107.74995;0.189675;939;1;1434;3077;4511
261;18.09.2011;3.0;0;9;0;0;0;1;20.3;0.490537;104.25;0.178483;750;1;1353;2921;4274
262;19.09.2011;3.0;0;9;0;1;1;2;21.9667;0.529675;103.5;0.151742;912;0;691;3848;4539
263;20.09.2011;3.0;0;9;0;2;1;2;22.4667;0.532217;132.1875;0.134954;736;0;438;3203;3641
264;21.09.2011;3.0;0;9;0;3;1;2;23.8;0.5505329999999999;135.0;0.0964042;1000;0;539;3813;4352
265;22.09.2011;3.0;0;9;0;4;1;2;25.1333;0.554963;135.31245;0.128125;919;0;555;4240;4795
266;23.09.2011;4.0;0;9;0;5;1;2;24.3667;0.522125;145.875;0.0783667;612;0;258;2137;2395
267;24.09.2011;4.0;0;9;0;6;0;2;24.2667;0.564412;129.375;0.0783833;968;0;1776;3647;5423
268;25.09.2011;4.0;0;9;0;0;0;2;25.3667;0.572637;126.75;0.0503792;1030;0;1544;3466;5010
269;26.09.2011;;0;9;0;1;1;2;25.9667;0.589042;127.24995;0.1107;495;1;684;3946;4630
270;27.09.2011;4.0;0;9;0;2;1;2;25.4667;0.574525;132.81255;0.118171;903;1;477;3643;4120
272;29.09.2011;4.0;0;9;0;4;1;1;24.6667;0.574512;104.87505;0.1728829999999999;920;0;653;4186;4839
274;01.10.2011;;0;10;0;6;0;2;16.4;0.412863;113.0625;0.292296;628;0;480;1949;2429
275;02.10.2011;4.0;0;10;0;0;0;2;14.2667;0.345317;118.75005;0.222013;485;0;616;2302;2918
277;04.10.2011;4.0;0;10;0;2;1;1;19.3667;0.472858;106.5;0.205854;819;0;486;3970;4456
278;05.10.2011;4.0;0;10;0;3;1;1;21.5333;0.527138;97.18755;0.17725;935;0;559;4267;4826
279;06.10.2011;4.0;0;10;0;4;1;1;19.7667;0.480425;93.12495;0.134954;1017;0;639;4126;4765
280;07.10.2011;;0;10;0;5;1;1;20.4333;0.504404;102.62505;0.0223917;991;0;949;4036;4985
281;08.10.2011;4.0;0;10;0;6;0;1;20.8667;0.513242;;0.0454042;746;1;2235;3174;5409
282;09.10.2011;4.0;0;10;0;0;0;1;21.6333;0.523983;109.125;0.06345;581;0;2397;3114;5511
284;11.10.2011;4.0;0;10;0;2;1;2;22.6667;0.546096;121.3125;0.143042;800;0;667;3896;4563
286;13.10.2011;4.0;0;10;0;4;1;2;23.5667;0.551804;134.50005;0.141787;929;0;290;2623;2913
288;15.10.2011;4.0;0;10;0;6;0;1;20.2667;0.498725;72.49995;0.258083;1021;1;1899;3318;5217
289;16.10.2011;4.0;0;10;0;0;0;1;20.4667;0.503154;73.00005;0.281717;576;1;1748;3293;5041
292;19.10.2011;4.0;0;10;0;3;1;3;21.6696;0.513848;134.28255;0.243339;502;0;254;2170;2424
293;20.10.2011;4.0;0;10;0;4;1;1;19.0333;0.466525;95.4375;0.422275;751;1;471;3724;4195
294;21.10.2011;4.0;0;10;0;5;1;1;17.1;0.423596;86.12505;0.221396;918;0;676;3628;4304
295;22.10.2011;4.0;0;10;0;6;0;1;16.9;0.425492;94.37505;0.0926666999999999;695;1;1499;2809;4308
296;23.10.2011;4.0;0;10;0;0;0;1;16.8667;0.422333;111.1875;0.0995125;607;0;1619;2762;4381
297;24.10.2011;4.0;0;10;0;1;1;1;18.5333;0.457067;115.81245;0.118792;645;0;699;3488;4187
299;26.10.2011;4.0;0;10;0;3;1;2;19.3667;0.472846;108.06255;0.148642;605;0;404;3490;3894
300;27.10.2011;4.0;0;10;0;4;1;2;18.8;0.457046;121.93755;0.197763;518;0;240;2419;2659
301;28.10.2011;4.0;0;10;0;5;1;2;13.2333;0.318812;87.87495;0.229479;599;0;456;3291;3747
302;29.10.2011;4.0;0;10;0;6;0;3;10.1667;0.227913;132.375;0.351371;936;0;57;570;627
303;30.10.2011;4.0;0;10;0;0;0;1;12.7667;0.321329;93.5625;0.176617;787;0;885;2446;3331
304;31.10.2011;4.0;0;10;0;1;1;1;13.6;0.356063;105.49995;0.10635;720;0;362;3307;3669
305;01.11.2011;4.0;0;11;0;2;1;1;16.0333;0.397088;102.5625;0.135571;675;0;410;3658;4068
306;02.11.2011;4.0;0;11;0;3;1;1;15.1;0.390133;107.8125;0.0820916999999999;810;1;370;3816;4186
307;03.11.2011;4.0;0;11;0;4;1;1;16.3333;0.405921;;0.136817;1021;0;318;3656;3974
308;04.11.2011;4.0;0;11;0;5;1;2;16.1333;0.403392;93.375;0.271779;769;0;470;3576;4046
309;05.11.2011;4.0;0;11;0;6;0;1;13.0667;0.323854;77.87505;0.1890619999999999;563;0;1156;2770;3926
311;07.11.2011;4.0;0;11;0;-1;1;1;15.8;0.400871;113.8125;0.057225;606;0;373;3662;4035
312;08.11.2011;4.0;0;11;0;-1;1;1;16.3333;0.412246;108.25005;0.0690375;686;0;376;3829;4205
313;09.11.2011;4.0;0;11;0;-1;1;1;16.0;0.4090789999999999;113.74995;0.0621958;864;0;305;3804;4109
314;10.11.2011;4.0;0;11;0;-1;1;2;15.2;0.373721;121.99995;0.189067;684;1;190;2743;2933
315;11.11.2011;4.0;0;11;1;-1;0;1;12.9667;0.306817;66.9375;0.314675;617;0;440;2928;3368
316;12.11.2011;4.0;0;11;0;-1;0;1;14.2667;0.357942;82.93755;0.212062;598;0;1275;2792;4067
317;13.11.2011;4.0;0;11;0;-1;0;1;17.6333;0.43055;68.74995;0.281721;829;0;1004;2713;3717
318;14.11.2011;4.0;0;11;0;-1;1;1;21.2;0.524612;88.06245;0.306596;608;0;595;3891;4486
319;15.11.2011;4.0;0;11;0;2;1;2;21.2;0.507579;103.3125;0.199633;852;0;449;3746;4195
321;17.11.2011;4.0;0;11;0;4;1;2;13.6667;0.323221;86.37495;0.3053619999999999;532;0;139;2914;3053
322;18.11.2011;4.0;0;11;0;5;1;1;10.9667;0.272721;61.5;0.168533;673;0;245;3147;3392
323;19.11.2011;;0;11;0;6;0;1;13.1667;0.3244829999999999;75.31245;0.224496;1003;0;943;2720;3663
324;20.11.2011;4.0;0;11;0;0;0;2;18.5333;0.457058;102.68745;0.18595;1032;1;787;2733;3520
325;21.11.2011;4.0;0;11;0;1;1;3;17.9;0.445062;136.5;0.138054;865;0;220;2545;2765
326;22.11.2011;4.0;0;11;0;2;1;3;16.6667;0.421696;144.375;0.118792;525;0;69;1538;1607
327;23.11.2011;4.0;0;11;0;3;1;2;17.6333;0.430537;113.68755;0.335825;587;0;112;2454;2566
328;24.11.2011;4.0;0;11;1;4;0;1;14.9333;0.372471;82.37505;0.167304;785;0;560;935;1495
329;25.11.2011;;0;11;0;5;1;1;15.0;0.380671;96.5625;0.0988958;931;0;1095;1697;2792
330;26.11.2011;4.0;0;11;0;6;0;1;15.0333;0.385087;102.25005;0.0684208;602;0;1249;1819;3068
331;27.11.2011;4.0;0;11;0;0;0;1;18.3667;0.4558;104.74995;0.208954;646;0;810;2261;3071
332;28.11.2011;4.0;0;11;0;1;1;1;20.1391;0.490122;111.45645;0.142122;637;0;253;3614;3867
333;29.11.2011;4.0;0;11;0;2;1;2;18.3333;0.451375;124.62495;0.258092;767;0;96;2818;2914
334;30.11.2011;4.0;0;11;0;3;1;1;13.0;0.311221;91.99995;0.271158;832;1;188;3425;3613
336;02.12.2011;;0;12;0;5;1;1;12.5667;0.331433;93.87495;0.100754;492;0;268;3672;3940
337;03.12.2011;4.0;0;12;0;6;0;1;11.9667;0.310604;91.93755;0.0957833;473;0;706;2908;3614
338;04.12.2011;4.0;0;12;0;0;0;1;13.2333;0.3491;116.37495;0.0839583;998;1;634;2851;3485
339;05.12.2011;;0;12;0;1;1;2;15.4333;0.393925;124.06245;0.0622083;628;0;233;3578;3811
340;06.12.2011;4.0;0;12;0;2;1;3;18.5;0.4564;142.43745;0.2325829999999999;459;0;126;2468;2594
341;07.12.2011;4.0;0;12;0;3;1;3;16.4;0.400246;;0.266175;586;1;50;655;705
342;08.12.2011;4.0;0;12;0;4;1;1;10.6333;0.256938;87.0;0.240058;573;0;150;3172;3322
343;09.12.2011;4.0;0;12;0;5;1;1;11.6333;0.317542;104.37495;0.0827166999999999;875;0;261;3359;3620
344;10.12.2011;4.0;0;12;0;6;0;1;11.0;0.266412;76.125;0.233221;657;0;502;2688;3190
345;11.12.2011;4.0;0;12;0;-1;0;1;8.8333;0.253154;;0.0665417;695;0;377;2366;2743
348;14.12.2011;;0;12;0;-1;1;2;12.7;0.338362;99.5625;0.0609583;781;1;178;3562;3740
351;17.12.2011;4.0;0;12;0;-1;0;2;10.3333;0.249371;84.12495;0.243167;660;0;275;2464;2739
353;19.12.2011;4.0;0;12;0;1;1;1;11.0667;0.280933;95.625;0.172896;703;0;260;3143;3403
354;20.12.2011;4.0;0;12;0;2;1;2;15.4333;0.396454;89.31255;0.0615708;867;1;216;3534;3750
355;21.12.2011;1.0;0;12;0;3;1;2;17.1333;0.428017;128.74995;0.2214;942;0;107;2553;2660
356;22.12.2011;1.0;0;12;0;4;1;2;16.9333;0.426121;113.625;0.047275;472;0;227;2841;3068
357;23.12.2011;1.0;0;12;0;5;1;1;14.9333;0.377513;102.9375;0.274246;762;0;163;2046;2209
358;24.12.2011;1.0;0;12;0;6;0;1;12.1;0.299242;81.375;0.190304;803;0;155;856;1011
359;25.12.2011;1.0;0;12;0;0;0;1;10.9913;0.279961;102.1956;0.155091;989;0;303;451;754
360;26.12.2011;1.0;0;12;1;1;0;1;12.8696;0.315535;76.04355;0.239465;465;0;430;887;1317
361;27.12.2011;1.0;0;12;0;2;1;2;13.0;0.327633;114.375;0.18845;517;0;103;1059;1162
362;28.12.2011;1.0;0;12;0;3;1;1;11.9652;0.279974;75.58695;0.293961;840;0;255;2047;2302
363;29.12.2011;1.0;0;12;0;4;1;1;9.9333;0.263892;86.12505;0.1194119999999999;728;0;254;2169;2423
364;30.12.2011;1.0;0;12;0;5;1;1;12.4667;0.318812;95.50005;0.1343369999999999;918;0;491;2508;2999
367;02.01.2012;1.0;1;1;1;1;0;1;10.9217;0.252304;57.1956;0.329665;989;0;244;1707;1951
368;03.01.2012;1.0;1;1;0;2;1;1;6.0;0.126275;66.1875;0.365671;549;0;89;2147;2236
369;04.01.2012;1.0;1;1;0;3;1;2;4.3;0.1193369999999999;62.18745;0.1847;726;0;95;2273;2368
370;05.01.2012;;1;1;0;4;1;1;10.6333;0.278412;78.62505;0.129987;983;0;140;3132;3272
371;06.01.2012;1.0;1;1;0;5;1;1;13.3667;0.340267;81.31245;0.167908;559;0;307;3791;4098
372;07.01.2012;;1;1;0;6;0;1;15.7333;0.390779;79.75005;0.174758;827;0;1070;3451;4521
373;08.01.2012;1.0;1;1;0;0;0;1;13.5;0.340258;69.75;0.191542;969;0;599;2826;3425
374;09.01.2012;1.0;1;1;0;1;1;2;8.9667;0.247479;105.25005;0.0989;644;0;106;2270;2376
375;10.01.2012;1.0;1;1;0;2;1;1;12.3478;0.318826;96.9783;0.187552;598;0;173;3425;3598
376;11.01.2012;1.0;1;1;0;3;1;2;10.9667;0.282821;127.125;0.131221;715;0;92;2085;2177
377;12.01.2012;1.0;1;1;0;4;1;2;15.3;0.381938;120.43755;0.180967;520;0;269;3828;4097
378;13.01.2012;1.0;1;1;0;5;1;1;10.9667;0.249362;76.125;0.378108;911;0;174;3040;3214
379;14.01.2012;;1;1;0;6;0;1;7.2;0.183087;68.625;0.187183;944;0;333;2160;2493
380;15.01.2012;1.0;1;1;0;0;0;1;6.6667;0.161625;62.87505;0.251258;871;1;284;2027;2311
381;16.01.2012;1.0;1;1;1;1;0;1;7.6;0.190663;78.375;0.2313579999999999;709;0;217;2081;2298
382;17.01.2012;1.0;1;1;0;2;1;2;14.9217;0.364278;107.41305;0.34913;786;0;127;2808;2935
383;18.01.2012;1.0;1;1;0;3;1;1;12.1333;0.275254;66.49995;0.415429;553;0;109;3267;3376
384;19.01.2012;1.0;1;1;0;-1;1;1;7.6;0.190038;74.625;0.220158;637;0;130;3162;3292
385;20.01.2012;1.0;1;1;0;5;1;2;8.7;0.220958;67.5;0.20275;584;0;115;3048;3163
386;21.01.2012;1.0;1;1;0;6;0;2;6.9333;0.174875;124.6875;0.222642;798;0;67;1234;1301
389;24.01.2012;1.0;1;1;0;2;1;1;13.7;0.349108;;0.123767;866;0;439;3900;4339
390;25.01.2012;1.0;1;1;0;3;1;1;11.7667;0.294821;96.5625;0.161071;465;0;467;3803;4270
391;26.01.2012;1.0;1;1;0;4;1;2;13.6667;0.35605;115.43745;0.0733958;784;1;244;3831;4075
392;27.01.2012;;1;1;0;5;1;2;17.0;0.415383;111.1875;0.342667;977;0;269;3187;3456
393;28.01.2012;1.0;1;1;0;6;0;1;12.6333;0.326379;81.49995;0.210829;479;0;775;3248;4023
394;29.01.2012;1.0;1;1;0;0;0;1;11.3;0.272721;46.6875;0.24005;836;0;558;2685;3243
395;30.01.2012;1.0;1;1;0;1;1;1;10.7667;0.262625;60.12495;0.215792;470;0;126;3498;3624
396;31.01.2012;1.0;1;1;0;2;1;1;15.6;0.381317;62.50005;0.261817;963;0;324;4185;4509
397;01.02.2012;1.0;1;2;0;3;1;1;18.7667;0.466538;76.18755;0.189067;787;0;304;4275;4579
398;02.02.2012;1.0;1;2;0;4;1;2;15.9667;0.398971;;0.187187;547;0;190;3571;3761
399;03.02.2012;;1;2;0;5;1;1;12.5333;0.309346;79.00005;0.178496;860;0;310;3841;4151
400;04.02.2012;1.0;1;2;0;6;0;2;10.5667;0.272725;116.93745;0.121896;953;1;384;2448;2832
401;05.02.2012;1.0;1;2;0;0;0;2;10.6333;0.264521;103.18755;0.175996;769;0;318;2629;2947
402;06.02.2012;1.0;1;2;0;1;1;1;11.3044;0.296426;93.3261;0.1538;750;0;206;3578;3784
403;07.02.2012;1.0;1;2;0;2;1;1;14.1667;0.361104;74.4375;0.147379;821;0;199;4176;4375
404;08.02.2012;1.0;1;2;0;3;1;2;10.2667;0.266421;108.43755;0.133721;510;0;109;2693;2802
405;09.02.2012;1.0;1;2;0;4;1;1;10.6;0.261988;84.31245;0.194037;1010;0;163;3667;3830
406;10.02.2012;1.0;1;2;0;5;1;2;11.2333;0.293558;81.0;0.1169289999999999;764;0;227;3604;3831
408;12.02.2012;1.0;1;2;0;0;0;1;5.1;0.101658;69.68745;0.4092119999999999;644;0;73;1456;1529
410;14.02.2012;1.0;1;2;0;2;1;2;12.7667;0.333946;76.3125;0.141179;921;1;135;3787;3922
411;15.02.2012;1.0;1;2;0;3;1;1;13.9333;0.3516289999999999;79.6875;0.1816;998;1;141;4028;4169
412;16.02.2012;1.0;1;2;0;4;1;2;12.6667;0.330162;112.93755;0.091425;632;0;74;2931;3005
413;17.02.2012;1.0;1;2;0;5;1;1;13.7333;0.3516289999999999;;0.205846;877;1;349;3805;4154
414;18.02.2012;1.0;1;2;0;6;0;1;13.8667;0.355425;80.18745;0.190929;900;0;1435;2883;4318
415;19.02.2012;1.0;1;2;0;0;0;2;11.2;0.265788;77.37495;0.253112;838;0;618;2071;2689
417;21.02.2012;1.0;1;2;0;2;1;1;11.513;0.295113;89.1522;0.205717;587;0;163;3614;3777
418;22.02.2012;1.0;1;2;0;3;1;1;15.8333;0.392667;85.18755;0.234471;655;0;394;4379;4773
419;23.02.2012;1.0;1;2;0;4;1;1;18.1667;0.444446;83.18745;0.190913;509;0;516;4546;5062
420;24.02.2012;1.0;1;2;0;5;1;2;16.3;0.410971;110.625;0.237567;944;0;246;3241;3487
421;25.02.2012;1.0;1;2;0;6;0;1;11.6333;0.255675;59.37495;0.421642;669;0;317;2415;2732
423;27.02.2012;1.0;1;2;0;1;1;1;14.6667;0.357954;73.62495;0.2680329999999999;490;0;253;4069;4322
424;28.02.2012;1.0;1;2;0;2;1;1;14.3667;0.353525;59.37495;0.193417;595;0;229;4134;4363
425;29.02.2012;1.0;1;2;0;3;1;2;13.7739;0.34847;120.71745;0.179117;629;0;65;1769;1834
427;02.03.2012;1.0;1;3;0;5;1;2;14.1333;0.359842;98.56245;0.144904;867;0;246;2948;3194
428;03.03.2012;1.0;1;3;0;6;0;2;16.5667;0.413492;93.1875;0.161079;642;0;956;3110;4066
429;04.03.2012;1.0;1;3;0;0;0;1;13.0333;0.303021;60.49995;0.334571;569;0;710;2713;3423
430;05.03.2012;1.0;1;3;0;1;1;1;9.7333;0.241171;75.9375;0.228858;1019;0;203;3130;3333
432;07.03.2012;;1;3;0;3;1;1;16.1667;0.3851;76.99995;0.345779;490;0;432;4484;4916
433;08.03.2012;1.0;1;3;0;4;1;1;21.1;0.524604;85.125;0.441563;870;0;486;4896;5382
434;09.03.2012;1.0;1;3;0;5;1;2;16.4333;0.397083;61.06245;0.4148;576;0;447;4122;4569
435;10.03.2012;1.0;1;3;0;6;0;1;11.5;0.277767;52.56255;0.22575;994;1;968;3150;4118
437;12.03.2012;1.0;1;3;0;1;1;1;18.6667;0.459592;73.37505;0.207713;497;0;838;4460;5298
438;13.03.2012;1.0;1;3;0;2;1;1;22.6;0.542929;92.625;0.23695;889;0;762;5085;5847
439;14.03.2012;1.0;1;3;0;3;1;1;22.9;0.548617;76.06245;0.1150619999999999;887;0;997;5315;6312
440;15.03.2012;;1;3;0;4;1;1;22.3;0.532825;86.93745;0.149883;624;0;1005;5187;6192
441;16.03.2012;1.0;1;3;0;5;1;2;17.4333;0.436229;126.31245;0.113192;585;0;548;3830;4378
442;17.03.2012;1.0;1;3;0;-1;0;2;20.5667;0.505046;113.37495;0.110704;773;1;3155;4681;7836
443;18.03.2012;1.0;1;3;0;0;0;2;18.9;0.4639999999999999;121.5;0.126883;1016;1;2207;3685;5892
444;19.03.2012;1.0;1;3;0;1;1;1;21.8;0.532821;109.3125;0.162317;773;0;982;5171;6153
445;20.03.2012;1.0;1;3;0;2;1;1;22.4333;0.538533;121.18755;0.121271;605;1;1051;5042;6093
447;22.03.2012;2.0;1;3;0;4;1;1;22.1667;0.531567;124.6875;0.1175619999999999;750;0;1334;5537;6871
448;23.03.2012;2.0;1;3;0;5;1;2;24.0667;0.570067;104.12505;0.1163;535;1;26150;5893;32043
449;24.03.2012;2.0;1;3;0;6;0;2;20.1;0.4867329999999999;132.81255;0.1927829999999999;618;0;1033;2339;3372
451;26.03.2012;2.0;1;3;0;1;1;1;17.8333;0.43875;71.68755;0.386821;747;0;795;4763;5558
454;29.03.2012;;1;3;0;4;1;1;19.7667;0.482304;65.87505;0.31965;956;0;834;5299;6133
455;30.03.2012;2.0;1;3;0;5;1;2;14.8;0.375621;87.12495;0.138067;1016;0;796;4663;5459
456;31.03.2012;2.0;1;3;0;6;0;2;16.9667;0.4217079999999999;110.74995;0.250617;538;0;2301;3934;6235
457;01.04.2012;2.0;1;4;0;0;0;2;17.0333;0.4172869999999999;101.4375;0.172267;664;0;2347;3694;6041
460;04.04.2012;2.0;1;4;0;3;1;1;21.6667;0.53345;70.43745;0.180975;1010;1;1058;5378;6436
461;05.04.2012;;1;4;0;4;1;1;17.4;0.431163;56.12505;0.219529;518;1;1192;5265;6457
462;06.04.2012;2.0;1;4;0;5;1;1;16.1333;0.390767;;0.300388;603;0;1807;4653;6460
463;07.04.2012;2.0;1;4;0;6;0;1;17.5;0.426129;38.12505;0.274871;875;0;3252;3605;6857
464;08.04.2012;;1;4;0;0;0;1;20.0;0.492425;41.37495;0.232596;557;1;2230;2939;5169
465;09.04.2012;2.0;1;4;0;1;1;1;19.5667;0.476638;47.625;0.358196;585;1;905;4680;5585
467;11.04.2012;2.0;1;4;0;3;1;1;13.9478;0.3372739999999999;70.43475;0.295274;767;0;482;4380;4862
468;12.04.2012;2.0;1;4;0;4;1;1;15.9;0.387604;69.9375;0.290429;765;0;663;4746;5409
469;13.04.2012;2.0;1;4;0;5;1;1;17.7;0.4318079999999999;61.24995;0.155471;965;0;1252;5146;6398
470;14.04.2012;2.0;1;4;0;6;0;1;19.8;0.487996;75.43755;0.190917;748;1;2795;4665;7460
471;15.04.2012;2.0;1;4;0;0;0;1;24.2667;0.573875;76.18755;0.225129;554;0;2846;4286;7132
472;16.04.2012;2.0;1;4;1;1;0;1;26.5667;0.614925;84.25005;0.284829;740;0;1198;5172;6370
473;17.04.2012;2.0;1;4;0;2;1;1;24.3333;0.598487;58.56255;0.273629;633;0;989;5702;6691
475;19.04.2012;2.0;1;4;0;4;1;1;19.9333;0.493046;91.875;0.0659292;584;0;846;5719;6565
476;20.04.2012;2.0;1;4;0;5;1;1;21.0667;0.515775;104.18745;0.149871;507;0;1340;5950;7290
477;21.04.2012;2.0;1;4;0;6;0;1;22.8;0.542921;102.43755;0.283587;524;0;2541;4083;6624
478;22.04.2012;2.0;1;4;0;-1;0;3;15.8667;0.389504;125.31255;0.344546;603;0;120;907;1027
479;23.04.2012;;1;4;0;1;1;2;12.8667;0.301125;115.00005;0.303496;512;1;195;3019;3214
480;24.04.2012;2.0;1;4;0;2;1;1;16.5333;0.405283;68.12505;0.249383;621;1;518;5115;5633
481;25.04.2012;2.0;1;4;0;3;1;1;19.0667;0.470317;64.18755;0.118792;636;0;655;5541;6196
482;26.04.2012;2.0;1;4;0;4;1;2;19.9333;0.483583;;0.176625;946;0;475;4551;5026
485;29.04.2012;2.0;1;4;0;0;0;1;18.3333;0.450121;88.06245;0.116908;869;0;2229;4075;6304
486;30.04.2012;2.0;1;4;0;1;1;2;18.5667;0.457696;85.5;0.171638;628;0;665;4907;5572
488;02.05.2012;2.0;1;5;0;3;1;1;22.5667;0.537896;119.56245;0.138058;813;0;667;5502;6169
489;03.05.2012;2.0;1;5;0;4;1;2;22.4;0.537242;115.24995;0.133696;908;1;764;5657;6421
490;04.05.2012;2.0;1;5;0;5;1;1;25.1;0.590917;110.31255;0.162938;476;0;1069;5227;6296
491;05.05.2012;2.0;1;5;0;6;0;2;24.8667;0.584608;113.50005;0.152992;1007;0;2496;4387;6883
492;06.05.2012;2.0;1;5;0;0;0;2;22.5;0.546737;111.0;0.1498789999999999;527;0;2135;4224;6359
493;07.05.2012;2.0;1;5;0;1;1;2;21.5;0.527142;99.62505;0.230721;893;1;1008;5265;6273
494;08.05.2012;;1;5;0;2;1;2;23.2667;0.557471;102.87495;0.296029;596;0;738;4990;5728
495;09.05.2012;2.0;1;5;0;3;1;2;23.0;0.553025;111.62505;0.216412;571;0;620;4097;4717
496;10.05.2012;2.0;1;5;0;4;1;1;20.2333;0.4917829999999999;82.81245;0.314063;550;0;1026;5546;6572
497;11.05.2012;2.0;1;5;0;5;1;1;21.3333;0.520833;54.06255;0.2369369999999999;570;1;1319;5711;7030
498;12.05.2012;2.0;1;5;0;6;0;1;22.5667;0.544817;72.06255;0.1231329999999999;813;0;2622;4807;7429
500;14.05.2012;2.0;1;5;0;1;1;2;22.9333;0.5499;118.43745;0.212692;768;0;342;2501;2843
501;15.05.2012;2.0;1;5;0;2;1;2;24.4667;0.576404;119.18745;0.147392;779;0;625;4490;5115
502;16.05.2012;2.0;1;5;0;3;1;1;25.4667;0.595975;104.68755;0.122512;588;0;991;6433;7424
503;17.05.2012;2.0;1;5;0;4;1;1;23.7333;0.572613;78.0;0.229475;882;0;1242;6142;7384
504;18.05.2012;2.0;1;5;0;5;1;1;22.5667;0.551121;78.49995;0.136817;550;0;1521;6118;7639
505;19.05.2012;2.0;1;5;0;6;0;1;24.0;0.566908;68.4375;0.083975;1030;0;38061;4884;42945
506;20.05.2012;2.0;1;5;0;0;0;1;24.8333;0.583967;79.56255;0.254367;783;0;2704;4425;7129
507;21.05.2012;2.0;1;5;0;1;1;2;23.9333;0.565667;;0.233204;967;0;630;3729;4359
508;22.05.2012;2.0;1;5;0;2;1;2;24.6;0.580825;114.87495;0.118167;576;0;819;5254;6073
509;23.05.2012;2.0;1;5;0;3;1;2;24.8667;0.584612;116.18745;0.102;873;0;766;4494;5260
510;24.05.2012;;1;5;0;4;1;1;26.2;0.6067;107.50005;0.172896;706;0;1059;5711;6770
512;26.05.2012;2.0;1;5;0;6;0;1;27.7;0.642696;109.875;0.198992;869;0;2855;3681;6536
513;27.05.2012;2.0;1;5;0;0;0;1;27.6;0.641425;104.56245;0.215171;1005;0;3283;3308;6591
514;28.05.2012;2.0;1;5;1;1;0;1;28.5;0.6793;101.4375;0.196521;506;0;2557;3486;6043
515;29.05.2012;2.0;1;5;0;2;1;1;28.9;0.672992;102.68745;0.2954;598;1;880;4863;5743
516;30.05.2012;2.0;1;5;0;3;1;2;26.2667;0.611129;100.5;0.134329;595;0;745;6110;6855
517;31.05.2012;2.0;1;5;0;4;1;1;27.2;0.631329;73.93755;0.195279;986;0;1100;6238;7338
518;01.06.2012;;1;6;0;5;1;2;26.1667;0.607962;113.31255;0.237563;853;1;533;3594;4127
519;02.06.2012;2.0;1;6;0;6;0;1;23.3333;0.566288;82.37505;0.1865619999999999;743;0;2795;5325;8120
520;03.06.2012;2.0;1;6;0;0;0;1;24.1;0.575133;73.99995;0.184087;502;1;2494;5147;7641
521;04.06.2012;2.0;1;6;0;1;1;1;23.9;0.578283;73.06245;0.284833;860;0;1071;5927;6998
522;05.06.2012;2.0;1;6;0;2;1;2;21.6333;0.525892;91.99995;0.209575;831;0;968;6033;7001
523;06.06.2012;2.0;1;6;0;3;1;1;22.1667;0.542292;91.6875;0.077125;978;0;1027;6028;7055
524;07.06.2012;2.0;1;6;0;4;1;1;24.1;0.569442;;0.15735;537;0;1038;6456;7494
525;08.06.2012;2.0;1;6;0;5;1;1;25.9667;0.597862;70.18755;0.1753829999999999;968;0;1488;6248;7736
526;09.06.2012;2.0;1;6;0;6;0;1;28.4333;0.648367;65.56245;0.144287;593;0;2708;4790;7498
528;11.06.2012;2.0;1;6;0;1;1;2;28.8333;0.659721;88.18755;0.207713;907;0;1017;5647;6664
529;12.06.2012;2.0;1;6;0;2;1;2;26.1333;0.597875;124.99995;0.214546;777;0;477;4495;4972
530;13.06.2012;2.0;1;6;0;3;1;1;26.2333;0.611117;87.31245;0.343279;865;0;1173;6248;7421
532;15.06.2012;2.0;1;6;0;5;1;1;25.5667;0.599754;88.43745;0.176617;709;0;1563;6102;7665
533;16.06.2012;2.0;1;6;0;6;0;1;25.2667;0.594708;75.62505;0.166667;932;0;2963;4739;7702
534;17.06.2012;2.0;1;6;0;0;0;1;23.7;0.571975;89.8125;0.144904;615;0;2634;4344;6978
535;18.06.2012;2.0;1;6;0;1;1;2;22.7333;0.544842;116.68755;0.174746;711;0;653;4446;5099
536;19.06.2012;2.0;1;6;0;2;1;1;27.5333;0.654692;103.5;0.148017;826;1;968;5857;6825
537;20.06.2012;2.0;1;6;0;3;1;1;31.3;0.720975;88.81245;0.1138119999999999;772;0;872;5339;6211
538;21.06.2012;3.0;1;6;0;4;1;1;32.2333;0.752542;85.18755;0.1187869999999999;692;0;778;5127;5905
539;22.06.2012;3.0;1;6;0;5;1;1;31.1;0.724121;86.0625;0.182842;885;0;964;4859;5823
540;23.06.2012;3.0;1;6;0;6;0;1;29.2667;0.652792;80.18745;0.179721;978;1;2657;4801;7458
541;24.06.2012;3.0;1;6;0;0;0;1;29.7333;0.674254;71.87505;0.145525;731;0;2551;4340;6891
542;25.06.2012;3.0;1;6;0;1;1;1;28.6333;0.654042;75.62505;0.300383;932;1;1139;5640;6779
543;26.06.2012;3.0;1;6;0;2;1;1;25.2333;0.594704;55.99995;0.347642;683;0;1077;6365;7442
544;27.06.2012;3.0;1;6;0;3;1;1;27.9;0.640792;54.0;0.271775;897;0;1077;6258;7335
545;28.06.2012;3.0;1;6;0;4;1;1;29.9667;0.675512;63.375;0.17165;772;0;921;5958;6879
546;29.06.2012;3.0;1;6;0;5;1;1;33.3667;0.786613;73.3125;0.165417;600;0;829;4634;5463
548;01.07.2012;3.0;1;7;0;0;0;1;32.6333;0.750629;;0.1685289999999999;860;1;1421;4110;5531
550;03.07.2012;3.0;1;7;0;2;1;1;31.2333;0.70265;73.81245;0.126237;790;0;1052;5608;6660
551;04.07.2012;3.0;1;7;1;3;0;1;31.5667;0.732337;80.8125;0.13495;702;0;2562;4841;7403
553;06.07.2012;3.0;1;7;0;5;1;1;33.1333;0.752533;67.62495;0.146142;797;0;1366;4841;6207
554;07.07.2012;3.0;1;7;0;6;0;1;34.4667;0.804913;73.81245;0.163554;834;0;1448;3392;4840
557;10.07.2012;;1;7;0;2;1;2;28.8333;0.664796;100.125;0.1517369999999999;516;1;954;5336;6290
558;11.07.2012;3.0;1;7;0;3;1;1;28.6667;0.650271;94.99995;0.1517329999999999;707;0;975;6289;7264
560;13.07.2012;3.0;1;7;0;5;1;2;29.2667;0.667933;72.87495;0.08085;500;0;1511;5988;7499
561;14.07.2012;3.0;1;7;0;6;0;2;28.1333;0.666042;104.87505;0.143679;809;0;2355;4614;6969
562;15.07.2012;;1;7;0;0;0;1;29.8333;0.705196;107.68755;0.166667;690;1;1920;4111;6031
563;16.07.2012;;1;7;0;1;1;1;30.5333;0.724125;96.75;0.164187;639;0;1088;5742;6830
564;17.07.2012;3.0;1;7;0;2;1;1;32.7333;0.755683;75.87495;0.114429;809;0;921;5865;6786
565;18.07.2012;3.0;1;7;0;3;1;1;31.7333;0.745583;86.56245;0.137442;977;0;799;4914;5713
566;19.07.2012;3.0;1;7;0;4;1;1;30.8;0.714642;90.06255;0.165429;602;0;888;5703;6591
567;20.07.2012;3.0;1;7;0;5;1;2;26.6333;0.613025;126.62505;0.208967;685;0;747;5123;5870
568;21.07.2012;3.0;1;7;0;6;0;3;23.8333;0.549912;129.81255;0.2133;839;0;1264;3195;4459
570;23.07.2012;3.0;1;7;0;1;1;1;29.6667;0.690017;104.12505;0.138683;603;0;1135;5831;6966
572;25.07.2012;3.0;1;7;0;3;1;1;28.9667;0.654054;67.5;0.1648;789;1;1383;6790;8173
573;26.07.2012;3.0;1;7;0;4;1;1;31.0667;0.739263;89.50005;0.284813;1012;0;1036;5825;6861
574;27.07.2012;3.0;1;7;0;5;1;1;31.2667;0.734217;89.18745;0.152992;948;0;1259;5645;6904
575;28.07.2012;3.0;1;7;0;6;0;1;30.2333;0.697604;91.99995;0.15735;508;0;2234;4451;6685
576;29.07.2012;3.0;1;7;0;0;0;1;28.8667;0.667933;93.5625;0.170396;523;0;2153;4444;6597
578;31.07.2012;3.0;1;7;0;2;1;1;28.5333;0.662896;105.62505;0.165425;864;0;968;6248;7216
581;03.08.2012;3.0;1;8;0;5;1;2;30.6333;0.722867;96.375;0.215792;937;1;1328;5847;7175
582;04.08.2012;3.0;1;8;0;6;0;1;31.7333;0.751267;91.99995;0.257458;606;0;2345;4479;6824
584;06.08.2012;3.0;1;8;0;1;1;2;30.1;0.710246;98.12505;0.129354;861;1;1233;5780;7013
585;07.08.2012;3.0;1;8;0;2;1;2;29.4333;0.697621;105.5625;0.116908;714;0;1278;5995;7273
587;09.08.2012;3.0;1;8;0;4;1;1;30.2333;0.699508;93.06255;0.1561;1006;1;1196;6090;7286
588;10.08.2012;3.0;1;8;0;5;1;2;28.6333;0.667942;107.37495;0.238813;733;0;1065;4721;5786
589;11.08.2012;;1;8;0;6;0;2;27.7;0.638267;109.93755;0.206479;538;0;2247;4052;6299
590;12.08.2012;3.0;1;8;0;0;0;1;28.0333;0.644579;79.56255;0.122512;513;0;2182;4362;6544
593;15.08.2012;3.0;1;8;0;3;1;1;28.2667;0.654037;92.93745;0.169771;501;0;1198;6149;7347
594;16.08.2012;3.0;1;8;0;4;1;1;28.7667;0.654688;77.87505;0.141796;755;0;1338;6267;7605
595;17.08.2012;3.0;1;8;0;5;1;1;28.9333;0.2424;85.62495;0.231354;887;0;1483;5665;7148
596;18.08.2012;3.0;1;8;0;6;0;1;27.1333;0.618071;90.49995;0.177867;507;0;2827;5038;7865
597;19.08.2012;3.0;1;8;0;0;0;2;25.4333;0.603554;;0.08645;540;0;1208;3341;4549
598;20.08.2012;3.0;1;8;0;1;1;2;25.4333;0.595967;110.12505;0.1299789999999999;611;0;1026;5504;6530
599;21.08.2012;3.0;1;8;0;2;1;1;25.9667;0.601025;101.0625;0.0727708;964;0;1081;5925;7006
600;22.08.2012;3.0;1;8;0;3;1;1;26.7;0.621854;101.56245;0.0702833;553;0;1094;6281;7375
601;23.08.2012;3.0;1;8;0;4;1;1;27.8333;0.637008;95.37495;0.0845958;665;0;1363;6402;7765
603;25.08.2012;3.0;1;8;0;6;0;2;26.4667;0.618696;106.93755;0.244408;477;0;1829;4224;6053
604;26.08.2012;3.0;1;8;0;0;0;2;26.1333;0.595996;126.87495;0.228858;644;0;1483;3772;5255
607;29.08.2012;3.0;1;8;0;3;1;1;27.4;0.635733;82.81245;0.112562;575;0;1177;6520;7697
608;30.08.2012;3.0;1;8;0;4;1;1;28.2667;0.652779;88.56255;0.0771167;592;0;1172;6541;7713
610;01.09.2012;3.0;1;9;0;6;0;2;30.1333;0.702654;95.74995;0.113187;823;0;2352;3788;6140
611;02.09.2012;3.0;1;9;0;0;0;2;27.8667;0.649;122.25;0.0640708;946;0;2613;3197;5810
612;03.09.2012;3.0;1;9;1;1;0;1;28.3;0.661629;118.62495;0.151121;469;0;1965;4069;6034
613;04.09.2012;3.0;1;9;0;2;1;1;29.0333;0.686888;113.25;0.236321;872;0;867;5997;6864
614;05.09.2012;3.0;1;9;0;3;1;1;29.4667;0.708983;111.1875;0.187808;546;0;832;6280;7112
615;06.09.2012;;1;9;0;4;1;2;27.8667;0.655329;121.56255;0.142421;598;1;611;5592;6203
616;07.09.2012;;1;9;0;5;1;1;28.1333;0.657204;;0.171646;929;0;1045;6459;7504
617;08.09.2012;3.0;1;9;0;6;0;2;26.3667;0.611121;119.87505;0.281104;824;0;1557;4419;5976
618;09.09.2012;;1;9;0;0;0;1;24.4;0.578925;82.125;0.224496;494;0;2570;5657;8227
619;10.09.2012;3.0;1;9;0;1;1;1;23.3333;0.565654;75.5625;0.258713;748;0;1118;6407;7525
620;11.09.2012;;1;9;0;2;1;1;23.1;0.554292;78.0;0.0920541999999999;469;0;1070;6697;7767
621;12.09.2012;3.0;1;9;0;3;1;1;23.9667;0.570075;86.56245;0.131846;930;0;1050;6820;7870
622;13.09.2012;3.0;1;9;0;4;1;1;24.5;0.579558;95.56245;0.0827208;702;0;1054;6750;7804
623;14.09.2012;3.0;1;9;0;5;1;1;25.3333;0.594083;100.875;0.103863;918;0;1379;6630;8009
624;15.09.2012;3.0;1;9;0;6;0;1;24.3333;0.585867;75.25005;0.247521;820;0;30378;5554;35932
625;16.09.2012;3.0;1;9;0;0;0;1;23.2;0.563125;85.5;0.0901833;589;0;2166;5167;7333
626;17.09.2012;3.0;1;9;0;1;1;2;23.2333;0.55305;110.18745;0.151742;848;0;1022;5847;6869
627;18.09.2012;3.0;1;9;0;2;1;2;24.9333;0.565067;130.875;0.357587;795;0;371;3702;4073
629;20.09.2012;3.0;1;9;0;4;1;1;21.8667;0.532192;92.74995;0.118167;990;1;939;6781;7720
630;21.09.2012;3.0;1;9;0;5;1;1;23.9667;0.571971;100.3125;0.154229;902;0;1250;6917;8167
631;22.09.2012;3.0;1;9;0;6;0;1;26.0;0.610488;97.00005;0.283583;963;0;47138;5883;53021
632;23.09.2012;4.0;1;9;0;0;0;1;21.1667;0.518933;70.06245;0.2232579999999999;888;0;2454;5453;7907
633;24.09.2012;4.0;1;9;0;1;1;1;20.5667;0.502513;73.93755;0.142404;944;1;1001;6435;7436
635;26.09.2012;4.0;1;9;0;3;1;1;25.4;0.5966130000000001;94.62495;0.2444;1001;0;787;6946;7733
636;27.09.2012;4.0;1;9;0;4;1;2;26.0;0.607975;103.62495;0.134342;472;0;751;6642;7393
637;28.09.2012;4.0;1;9;0;5;1;2;24.7667;0.585863;103.5;0.164179;658;0;1045;6370;7415
639;30.09.2012;4.0;1;9;0;0;0;1;21.0667;0.517663;87.49995;0.134958;952;0;2015;4874;6889
641;02.10.2012;4.0;1;10;0;2;1;3;23.6333;0.542333;130.75005;0.104475;499;0;315;4324;4639
642;03.10.2012;4.0;1;10;0;3;1;2;26.3;0.599133;119.0625;0.0665458;727;0;728;6844;7572
643;04.10.2012;4.0;1;10;0;4;1;2;26.3;0.607975;108.43755;0.117546;479;0;891;6437;7328
644;05.10.2012;4.0;1;10;0;5;1;1;24.6;0.580187;94.125;0.10635;484;0;1516;6640;8156
645;06.10.2012;4.0;1;10;0;6;0;1;22.1667;0.538521;99.62505;0.268025;755;0;3031;4934;7965
647;08.10.2012;4.0;1;10;1;1;0;2;15.3333;0.387608;106.43745;0.189679;925;0;874;4604;5478
648;09.10.2012;4.0;1;10;0;2;1;2;17.8667;0.438112;114.25005;0.1903;611;0;601;5791;6392
649;10.10.2012;4.0;1;10;0;3;1;1;20.5667;0.503142;94.62495;0.187821;634;1;780;6911;7691
650;11.10.2012;4.0;1;10;0;4;1;1;17.4;0.431167;69.49995;0.181596;725;0;834;6736;7570
652;13.10.2012;4.0;1;10;0;6;0;1;15.7333;0.391396;74.18745;0.146142;632;0;2252;4857;7109
654;15.10.2012;4.0;1;10;0;1;1;2;22.4667;0.53915;;0.296037;598;0;760;5115;5875
655;16.10.2012;4.0;1;10;0;2;1;1;18.7333;0.460846;83.74995;0.182221;513;0;922;6612;7534
656;17.10.2012;4.0;1;10;0;3;1;1;18.2333;0.450108;;0.101371;492;1;979;6482;7461
659;20.10.2012;4.0;1;10;0;6;0;1;19.3667;0.472842;85.93755;0.1175369999999999;988;0;2806;5284;8090
660;21.10.2012;4.0;1;10;0;0;0;1;18.5667;0.456429;76.5;0.166054;521;0;2132;4692;6824
661;22.10.2012;4.0;1;10;0;1;1;1;19.5;0.482942;85.24995;0.0814833;599;0;830;6228;7058
662;23.10.2012;4.0;1;10;0;2;1;1;21.7667;0.530304;;0.0945458;601;0;841;6625;7466
663;24.10.2012;4.0;1;10;0;3;1;1;23.5;0.558721;95.4375;0.0727791999999999;707;0;795;6898;7693
664;25.10.2012;4.0;1;10;0;4;1;2;22.0;0.529688;120.06255;0.124375;492;0;875;6484;7359
667;28.10.2012;;1;10;0;0;0;2;19.1;0.467771;104.18745;0.398008;822;0;998;3461;4459
668;29.10.2012;4.0;1;10;0;1;1;3;17.6;0.4394;132.0;0.3582;1028;1;2;20;22
669;30.10.2012;4.0;1;10;0;2;1;2;12.7273;0.309909;123.81825;0.213009;846;0;87;1009;1096
670;31.10.2012;4.0;1;10;0;3;1;2;14.3;0.3611;100.00005;0.166667;747;0;419;5147;5566
671;01.11.2012;4.0;1;11;0;4;1;2;14.6333;0.369942;87.25005;0.157346;746;1;466;5520;5986
672;02.11.2012;4.0;1;11;0;5;1;1;14.2;0.356042;78.31245;0.266175;578;0;618;5229;5847
673;03.11.2012;4.0;1;11;0;6;0;2;13.7333;0.323846;73.6875;0.270529;827;0;1029;4109;5138
674;04.11.2012;4.0;1;11;0;0;0;1;13.0333;0.329538;79.93755;0.179108;684;0;1201;3906;5107
675;05.11.2012;4.0;1;11;0;1;1;1;12.7667;0.308075;74.12505;0.236325;491;0;378;4881;5259
676;06.11.2012;4.0;1;11;0;2;1;1;11.2333;0.281567;85.06245;0.173513;677;0;466;5220;5686
677;07.11.2012;4.0;1;11;0;3;1;2;11.8333;0.274621;82.125;0.304108;654;0;326;4709;5035
678;08.11.2012;;1;11;0;4;1;1;14.087;0.341891;50.0217;0.347835;554;0;340;4975;5315
679;09.11.2012;;1;11;0;5;1;1;14.4667;0.355413;81.12495;0.214558;738;0;709;5283;5992
680;10.11.2012;;1;11;0;6;0;1;15.5667;0.393937;96.81255;0.0578458;901;0;2090;4446;6536
681;11.11.2012;4.0;1;11;0;0;0;1;16.8333;0.421713;98.87505;0.1275;783;0;2290;4562;6852
682;12.11.2012;4.0;1;11;1;1;0;1;19.4;0.475383;111.25005;0.173517;793;0;1097;5172;6269
683;13.11.2012;;1;11;0;2;1;2;13.7333;0.323225;99.43755;0.342046;542;0;327;3767;4094
684;14.11.2012;4.0;1;11;0;3;1;1;11.5667;0.281563;82.81245;0.199625;478;0;373;5122;5495
685;15.11.2012;4.0;1;11;0;4;1;2;12.8667;0.324492;93.06255;0.1529869999999999;601;0;320;5125;5445
686;16.11.2012;4.0;1;11;0;5;1;1;13.8;0.347204;78.68745;0.171025;603;0;484;5214;5698
688;18.11.2012;4.0;1;11;0;0;0;1;13.7;0.337746;103.93755;0.2276119999999999;899;0;922;3747;4669
690;20.11.2012;4.0;1;11;0;2;1;2;14.9667;0.380667;102.75;0.082725;796;0;534;5100;5634
691;21.11.2012;4.0;1;11;0;3;1;1;14.1333;0.364892;92.0625;0.103246;666;0;615;4531;5146
692;22.11.2012;;1;11;1;4;0;1;13.6;0.350371;87.06255;0.0528708;535;0;955;1470;2425
694;24.11.2012;4.0;1;11;0;6;0;1;11.1333;0.248742;;0.376871;496;0;532;1745;2277
695;25.11.2012;4.0;1;11;0;0;0;1;9.8333;0.257583;70.24995;0.1505;728;0;309;2115;2424
696;26.11.2012;4.0;1;11;0;1;1;1;12.5333;0.3390039999999999;80.31255;0.04665;1025;0;337;4750;5087
697;27.11.2012;4.0;1;11;0;2;1;2;11.6667;0.281558;118.00005;0.237562;675;0;123;3836;3959
698;28.11.2012;4.0;1;11;0;3;1;1;11.8667;0.2897619999999999;75.9375;0.210821;935;1;198;5062;5260
699;29.11.2012;4.0;1;11;0;4;1;1;11.2348;0.2984219999999999;83.3478;0.115522;509;0;243;5080;5323
701;01.12.2012;;1;12;0;6;0;2;11.9333;0.316904;121.00005;0.0597041999999999;602;0;951;4240;5191
702;02.12.2012;4.0;1;12;0;0;0;2;13.9;0.3592079999999999;123.49995;0.1243789999999999;702;0;892;3757;4649
707;07.12.2012;4.0;1;12;0;5;1;2;12.8333;0.3219579999999999;114.62505;0.1306;708;0;349;4659;5008
708;08.12.2012;4.0;1;12;0;6;0;2;15.2667;0.3895079999999999;136.6875;0.101379;620;0;1153;4429;5582
710;10.12.2012;4.0;1;12;0;1;1;2;17.4333;0.435575;138.75;0.190308;1031;0;329;4841;5170
712;12.12.2012;4.0;1;12;0;3;1;2;11.9;0.297338;80.74995;0.162937;802;1;310;5009;5319
713;13.12.2012;;1;12;0;4;1;1;11.8333;0.294188;72.87495;0.174129;676;0;425;5107;5532
715;15.12.2012;4.0;1;12;0;6;0;1;12.9667;0.338383;97.56255;0.10635;619;0;767;4280;5047
716;16.12.2012;;1;12;0;0;0;2;14.5;0.369938;125.8125;0.100742;491;0;538;3248;3786
717;17.12.2012;4.0;1;12;0;1;1;2;15.7333;0.4015;136.06245;0.0982583;692;0;212;4373;4585
719;19.12.2012;;1;12;0;3;1;1;13.3;0.3421619999999999;93.81255;0.184092;951;0;333;4934;5267
720;20.12.2012;4.0;1;12;0;4;1;2;13.2;0.335217;100.18755;0.132463;883;0;314;3814;4128
721;21.12.2012;1.0;1;12;0;5;1;2;13.0667;0.301767;83.50005;0.3743829999999999;881;0;221;3402;3623
722;22.12.2012;1.0;1;12;0;6;0;1;10.6333;0.236113;66.1875;0.407346;572;0;205;1544;1749
723;23.12.2012;1.0;1;12;0;0;0;1;9.8333;0.259471;77.31255;0.1330829999999999;490;0;408;1379;1787
724;24.12.2012;1.0;1;12;0;1;1;2;9.2522;0.2589;;0.0772303999999999;1030;1;174;746;920
725;25.12.2012;1.0;1;12;1;2;0;2;11.6522;0.294465;;0.168726;699;0;440;573;1013
726;26.12.2012;1.0;1;12;0;3;1;3;9.7333;0.220333;123.49995;0.316546;701;0;9;432;441
727;27.12.2012;1.0;1;12;0;4;1;2;10.1667;0.226642;97.93755;0.3501329999999999;561;0;247;1867;2114
728;28.12.2012;1.0;1;12;0;5;1;2;10.1333;0.255046;88.5;0.155471;562;0;644;2451;3095
729;29.12.2012;1.0;1;12;0;6;0;2;10.1333;0.2424;112.93755;0.124383;783;0;159;1182;1341
731;31.12.2012;1.0;1;12;0;1;1;2;8.6333;0.223487;86.625;0.154846;585;0;439;2290;2729
7;07.01.2011;1.0;0;1;0;5;1;2;7.8609;0.208839;74.8044;0.168726;977;0;148;1362;1510
11;11.01.2011;1.0;0;1;0;2;1;2;6.7636;0.191464;102.9546;0.1221319999999999;1028;0;43;1220;1263
14;14.01.2011;1.0;0;1;0;5;1;1;6.4348;0.188413;80.6739;0.126548;481;0;54;1367;1421
16;16.01.2011;1.0;0;1;0;0;0;1;9.2667;0.234217;72.5625;0.188433;493;0;251;953;1204
18;18.01.2011;1.0;0;1;0;2;1;2;8.6667;0.2323329999999999;129.25005;0.146775;989;0;9;674;683
24;24.01.2011;1.0;0;1;0;1;1;1;3.8957;0.11793;73.76085;0.15833;1020;0;86;1330;1416
27;27.01.2011;1.0;0;1;0;4;1;1;7.8;0.2197;103.125;0.113837;935;1;15;416;431
34;03.02.2011;1.0;0;2;0;4;1;1;7.4783;0.177878;65.6739;0.277752;787;0;61;1489;1550
35;04.02.2011;1.0;0;2;0;5;1;2;8.4522;0.2285869999999999;87.78255;0.127839;559;1;88;1620;1708
38;07.02.2011;1.0;0;2;0;1;1;1;10.8667;0.303658;110.74995;0.0454083;978;0;120;1592;1712
53;22.02.2011;1.0;0;2;0;2;1;1;7.2889;0.186033;86.6667;0.195683;516;0;74;1376;1450
61;02.03.2011;1.0;0;3;0;-1;1;1;13.4;0.320071;67.43745;0.3078329999999999;694;0;231;1903;2134
64;05.03.2011;1.0;0;3;0;6;0;2;15.3667;0.378779;118.37505;0.251871;873;0;640;1437;2077
69;10.03.2011;;0;3;0;4;1;3;15.5636;0.385668;0.0;0.2618769999999999;779;0;46;577;623
74;15.03.2011;1.0;0;3;0;2;1;2;12.6956;0.318178;98.3478;0.184309;931;0;289;1767;2056
85;26.03.2011;2.0;0;3;0;6;0;1;10.6333;0.257571;59.12505;0.209571;1000;0;981;1515;2496
86;27.03.2011;2.0;0;3;0;0;0;2;10.1217;0.250339;74.08695;0.1843;549;0;472;1221;1693
89;30.03.2011;2.0;0;3;0;3;1;2;12.0;0.29735;97.00005;0.172888;644;0;168;1368;1536
90;31.03.2011;2.0;0;3;0;4;1;3;10.7333;0.257575;137.74995;0.217646;968;0;179;1506;1685
94;04.04.2011;2.0;0;4;0;1;1;1;22.9333;0.542929;63.9375;0.385571;558;0;734;2381;3115
105;15.04.2011;2.0;0;4;1;5;0;1;17.8667;0.441913;100.6875;0.226375;527;1;642;2484;3126
113;23.04.2011;2.0;0;4;0;6;0;2;18.4;0.450121;133.18755;0.230725;468;0;1462;2574;4036
116;26.04.2011;;0;4;0;2;1;1;25.2667;0.594083;109.37505;0.3265;498;0;678;3722;4400
120;30.04.2011;2.0;0;4;0;6;0;1;18.9;0.464021;75.49995;0.235075;1022;0;1965;3347;5312
121;01.05.2011;2.0;0;5;0;0;0;2;18.0667;0.448204;114.31245;0.1063539999999999;756;0;1138;2213;3351
133;13.05.2011;2.0;0;5;0;5;1;2;20.5;0.4943;129.49995;0.179725;748;0;692;3413;4105
141;21.05.2011;2.0;0;5;0;-1;0;1;24.1;0.571975;94.00005;0.12065;992;0;2258;3547;5805
159;08.06.2011;2.0;0;6;0;3;1;1;31.0333;0.727279;93.31245;0.136817;897;0;676;3725;4401
173;22.06.2011;;0;6;0;3;1;1;29.3333;0.693829;106.125;0.172262;561;0;661;3846;4507
180;29.06.2011;3.0;0;6;0;3;1;1;29.1333;0.654688;74.68755;0.261821;585;0;848;4377;5225
181;30.06.2011;;0;6;0;4;1;1;27.8667;0.637008;65.12505;0.1853119999999999;796;1;1027;4488;5515
183;02.07.2011;3.0;0;7;0;6;0;1;29.5333;0.667308;66.68745;0.1150619999999999;996;0;2204;2915;5119
194;13.07.2011;3.0;0;7;0;3;1;1;29.8667;0.689404;94.75005;0.1461329999999999;1027;0;748;3594;4342
196;15.07.2011;3.0;0;7;0;5;1;1;26.5333;0.624371;88.6875;0.182833;632;0;1318;4220;5538
198;17.07.2011;3.0;0;7;0;0;0;1;28.7667;0.669833;90.62505;0.245033;921;1;2006;3296;5302
200;19.07.2011;;0;7;0;2;1;1;31.0667;0.747479;97.56255;0.1306;756;0;752;3789;4541
201;20.07.2011;3.0;0;7;0;3;1;1;30.7333;0.74685;106.06245;0.113817;753;1;644;3688;4332
203;22.07.2011;3.0;0;7;0;5;1;1;33.9333;0.8408959999999999;87.06255;0.1331;849;0;562;2825;3387
209;28.07.2011;3.0;0;7;0;4;1;1;31.1667;0.7399;87.49995;0.178479;735;0;606;3784;4390
210;29.07.2011;3.0;0;7;0;5;1;1;33.5333;0.785967;81.375;0.174138;930;0;670;3176;3846
220;08.08.2011;3.0;0;8;0;1;1;1;30.6;0.703283;88.81245;0.192175;546;0;846;3480;4326
233;21.08.2011;3.0;0;8;0;0;0;1;28.4333;0.675525;;0.248754;633;1;1249;2624;3873
239;27.08.2011;3.0;0;8;0;6;0;2;27.2;0.635556;127.5;0.375617;666;0;226;889;1115
244;01.09.2011;3.0;0;9;0;4;1;1;26.2;0.614921;95.87505;0.141796;931;0;783;4332;5115
246;03.09.2011;3.0;0;9;0;6;0;1;26.7667;0.633213;107.50005;0.185325;975;0;1935;2549;4484
271;28.09.2011;4.0;0;9;0;-1;1;2;25.4;0.575158;127.3125;0.1486289999999999;577;0;480;3427;3907
273;30.09.2011;4.0;0;9;0;5;1;1;22.5667;0.544829;97.125;0.206475;909;0;830;4372;5202
276;03.10.2011;4.0;0;10;0;1;1;2;15.3667;0.392046;114.12495;0.0833458;992;1;330;3240;3570
283;10.10.2011;4.0;0;10;1;1;0;1;22.8333;0.542925;110.0625;0.0423042;555;0;1514;3603;5117
285;12.10.2011;;0;10;0;3;1;3;21.7333;0.517717;135.9375;0.24815;575;0;217;2199;2416
287;14.10.2011;4.0;0;10;0;5;1;2;22.0333;0.529675;107.4375;0.223883;471;0;529;3115;3644
290;17.10.2011;4.0;0;10;0;1;1;1;21.3667;0.510725;86.93745;0.175379;1010;1;713;3857;4570
291;18.10.2011;4.0;0;10;0;2;1;2;21.3;0.522721;105.25005;0.1100869999999999;463;0;637;4111;4748
298;25.10.2011;4.0;0;10;0;2;1;1;18.8667;0.463375;93.43755;0.166658;803;0;695;3992;4687
299;26.10.2011;4.0;0;10;0;3;1;2;19.3667;0.472846;108.06255;0.148642;605;0;404;3490;3894
310;06.11.2011;4.0;0;11;0;0;0;1;13.9333;0.362358;110.18745;0.0920541999999999;522;0;952;2697;3649
320;16.11.2011;4.0;0;11;0;3;1;3;18.2667;0.451988;139.5;0.136829;990;0;145;1672;1817
335;01.12.2011;4.0;0;12;0;4;1;1;12.5;0.305554;78.68745;0.220158;906;0;182;3545;3727
346;12.12.2011;4.0;0;12;0;-1;1;1;9.5333;0.270196;;0.06345;739;0;143;3167;3310
347;13.12.2011;4.0;0;12;0;-1;1;1;11.3;0.301138;88.5;0.14055;529;0;155;3368;3523
349;15.12.2011;;0;12;0;-1;1;2;16.9;0.4122369999999999;95.12505;0.268042;655;0;181;3528;3709
350;16.12.2011;4.0;0;12;0;-1;1;2;15.0;0.359825;75.06255;0.260575;1007;0;178;3399;3577
352;18.12.2011;4.0;0;12;0;0;0;1;9.5333;0.245579;87.9375;0.1697789999999999;795;0;220;2211;2431
365;31.12.2011;1.0;0;12;0;6;0;1;16.4;0.414121;92.37495;0.220154;495;0;665;1820;2485
366;01.01.2012;1.0;1;1;0;0;0;1;14.8;0.375621;;0.192167;568;0;686;1608;2294
387;22.01.2012;1.0;1;1;0;0;0;2;6.5;0.16225;119.4375;0.199638;651;0;196;1781;1977
388;23.01.2012;1.0;1;1;0;1;1;2;8.7333;0.243058;136.6875;0.1107079999999999;633;0;145;2287;2432
407;11.02.2012;1.0;1;2;0;6;0;3;8.9667;0.210867;109.6875;0.289796;917;0;192;1977;2169
409;13.02.2012;1.0;1;2;0;-1;1;1;8.9;0.227913;61.6875;0.167283;830;0;94;3328;3422
416;20.02.2012;1.0;1;2;1;1;0;1;11.2;0.273391;;0.2290829999999999;893;0;502;2627;3129
422;26.02.2012;1.0;1;2;0;0;0;1;11.1667;0.268308;61.5;0.205229;829;0;515;2874;3389
426;01.03.2012;1.0;1;3;0;4;1;1;19.4333;0.475371;92.31255;0.226987;777;0;325;4665;4990
431;06.03.2012;1.0;1;3;0;2;1;1;10.3333;0.255042;68.50005;0.200875;616;1;221;3735;3956
436;11.03.2012;1.0;1;3;0;0;0;1;14.4696;0.35967;71.54355;0.2225869999999999;627;0;1658;3253;4911
446;21.03.2012;2.0;1;3;0;3;1;2;21.2667;0.513258;123.1875;0.0895583;1021;0;1122;5108;6230
450;25.03.2012;2.0;1;3;0;0;0;2;17.5;0.437488;132.12495;0.220775;684;0;1532;3464;4996
452;27.03.2012;2.0;1;3;0;2;1;1;12.9333;0.315654;43.5;0.187192;550;0;531;4571;5102
453;28.03.2012;2.0;1;3;0;3;1;1;19.3667;0.47095;72.1875;0.291671;569;0;674;5024;5698
458;02.04.2012;2.0;1;4;0;1;1;1;17.3565;0.427513;75.6522;0.312139;518;0;1208;4728;5936
459;03.04.2012;2.0;1;4;0;2;1;1;18.6667;0.461483;59.50005;0.100133;458;0;1348;5424;6772
466;10.04.2012;2.0;1;4;0;2;1;1;17.8667;0.436233;;0.249375;545;0;819;5099;5918
474;18.04.2012;;1;4;0;3;1;2;18.5333;0.457038;85.37505;0.1679119999999999;716;0;347;4020;4367
483;27.04.2012;2.0;1;4;0;5;1;1;18.3;0.452637;60.12495;0.3476329999999999;503;0;1014;5219;6233
484;28.04.2012;2.0;1;4;0;6;0;2;15.0667;0.377504;73.43745;0.129975;976;0;1120;3100;4220
487;01.05.2012;2.0;1;5;0;2;1;2;24.5333;0.577021;98.93745;0.156096;555;0;653;5087;5740
499;13.05.2012;2.0;1;5;0;0;0;1;24.5;0.585238;86.4375;0.225117;667;0;2172;3946;6118
511;25.05.2012;2.0;1;5;0;5;1;1;27.2;0.627529;112.06245;0.14055;933;1;1417;5317;6734
527;10.06.2012;2.0;1;6;0;0;0;1;29.0667;0.663517;80.74995;0.133721;839;0;2224;4374;6598
531;14.06.2012;2.0;1;6;0;4;1;1;25.9333;0.624383;85.43745;0.253733;811;0;1180;6183;7363
547;30.06.2012;3.0;1;6;0;6;0;1;30.6;0.687508;90.1875;0.161071;981;0;1455;4232;5687
549;02.07.2012;3.0;1;7;0;1;1;1;31.2667;0.702038;67.06245;0.195267;615;0;904;5323;6227
552;05.07.2012;3.0;1;7;0;4;1;1;33.1;0.761367;68.68755;0.194029;541;1;1405;4836;6241
555;08.07.2012;3.0;1;7;0;0;0;1;32.9;0.790396;86.0625;0.125629;607;0;1203;3469;4672
556;09.07.2012;3.0;1;7;0;1;1;2;28.4333;0.654054;102.49995;0.180975;690;0;998;5571;6569
559;12.07.2012;3.0;1;7;0;4;1;1;28.6333;0.654683;79.43745;0.146775;579;0;1032;6414;7446
569;22.07.2012;3.0;1;7;0;0;0;2;26.7;0.623125;114.375;0.0939208;552;0;2544;4866;7410
571;24.07.2012;;1;7;0;2;1;1;30.0333;0.70645;98.25;0.211454;1009;1;1140;6452;7592
577;30.07.2012;3.0;1;7;0;1;1;1;29.2333;0.684987;100.3125;0.153617;553;1;1040;6065;7105
579;01.08.2012;3.0;1;8;0;3;1;1;28.7;0.667308;101.625;0.141179;896;0;1074;6506;7580
580;02.08.2012;3.0;1;8;0;4;1;1;30.1;0.707088;98.93745;0.129354;504;1;983;6278;7261
583;05.08.2012;3.0;1;8;0;0;0;1;30.7667;0.731079;97.875;0.290421;794;0;1707;3757;5464
586;08.08.2012;3.0;1;8;0;3;1;2;30.0;0.707717;100.93755;0.1107;1024;1;1263;6271;7534
591;13.08.2012;3.0;1;8;0;1;1;1;28.8333;0.662254;81.81255;0.136212;629;0;1207;5676;6883
592;14.08.2012;3.0;1;8;0;2;1;1;29.0667;0.676779;103.00005;0.169158;878;0;1128;5656;6784
602;24.08.2012;3.0;1;8;0;5;1;2;28.1;0.6471;92.25;0.0721458;688;1;1325;6257;7582
605;27.08.2012;3.0;1;8;0;1;1;1;28.1333;0.654688;109.56255;0.128733;786;0;989;5928;6917
606;28.08.2012;3.0;1;8;0;2;1;1;29.1333;0.66605;93.0;0.190925;742;0;935;6105;7040
609;31.08.2012;3.0;1;8;0;5;1;1;30.5667;0.6894;88.125;0.168533;620;0;1433;5917;7350
628;19.09.2012;3.0;1;9;0;3;1;1;22.1;0.540404;80.50005;0.215175;865;1;788;6803;7591
634;25.09.2012;4.0;1;9;0;2;1;1;22.0;0.544179;85.5;0.236321;867;0;845;6693;7538
638;29.09.2012;4.0;1;9;0;6;0;1;21.7;0.530296;81.43755;0.227604;1001;0;26506;5966;32472
640;01.10.2012;4.0;1;10;0;1;1;2;20.8333;0.512;97.37505;0.0908041999999999;586;0;763;6015;6778
646;07.10.2012;4.0;1;10;0;0;0;2;16.6333;0.419813;106.24995;0.1411619999999999;706;0;781;2729;3510
651;12.10.2012;4.0;1;10;0;5;1;1;17.5;0.433071;80.87505;0.235092;737;0;1060;6222;7282
653;14.10.2012;4.0;1;10;0;0;0;1;20.8667;0.508204;96.06255;0.2786119999999999;785;0;2080;4559;6639
657;18.10.2012;4.0;1;10;0;4;1;2;20.9;0.512625;109.24995;0.2369369999999999;1024;1;1008;6501;7509
658;19.10.2012;;1;10;0;5;1;2;22.5333;0.537896;122.25;0.134954;1000;0;753;4671;5424
665;26.10.2012;4.0;1;10;0;5;1;2;21.8333;0.52275;121.06245;0.132467;634;0;1182;6262;7444
666;27.10.2012;4.0;1;10;0;6;0;2;21.2;0.515133;108.0;0.235692;1023;0;2643;5209;7852
687;17.11.2012;4.0;1;11;0;6;0;1;13.0;0.326383;81.81255;0.179729;766;0;1313;4316;5629
689;19.11.2012;;1;11;0;1;1;2;15.2333;0.375621;93.49995;0.235067;797;0;449;5050;5499
693;23.11.2012;4.0;1;11;0;5;1;1;14.7333;0.378779;85.3125;0.148021;998;0;1603;2307;3910
700;30.11.2012;4.0;1;11;0;5;1;1;11.9333;0.323867;97.43745;0.0584708;899;1;362;5306;5668
703;03.12.2012;4.0;1;12;0;1;1;1;18.1;0.455796;115.125;0.0827208;585;0;555;5679;6234
704;04.12.2012;4.0;1;12;0;2;1;1;19.0333;0.4690539999999999;110.0625;0.174129;729;1;551;6055;6606
705;05.12.2012;4.0;1;12;0;3;1;1;17.5333;0.428012;;0.324021;620;1;331;5398;5729
706;06.12.2012;4.0;1;12;0;4;1;1;10.2333;0.258204;76.3125;0.174754;596;0;340;5035;5375
709;09.12.2012;4.0;1;12;0;0;0;2;15.3667;0.390146;135.81255;0.157975;869;0;441;2787;3228
711;11.12.2012;4.0;1;12;0;2;1;2;14.1333;0.338363;89.50005;0.296037;711;0;282;5219;5501
714;14.12.2012;4.0;1;12;0;5;1;1;11.2667;0.294192;96.43755;0.1312289999999999;528;0;429;5182;5611
718;18.12.2012;4.0;1;12;0;2;1;1;16.4333;0.409708;99.9375;0.221404;759;0;433;5124;5557
730;30.12.2012;1.0;1;12;0;0;0;1;10.2333;0.2317;72.49995;0.350754;925;0;364;1432;1796
