instant;dteday;yr;mnth;holiday;workingday;atemp;windspeed;leaflets;price reduction;casual;registered;cnt;weekday_0;weekday_1;weekday_2;weekday_3;weekday_4;weekday_5;weekday_6;season_1;season_2;season_3;season_4;weathersit_1;weathersit_2;weathersit_3
154;2011-06-03;0;6;0;1;0.587133;0.253121;991;0;898;4414;5312;0;0;0;0;0;1;0;0;1;0;0;1;0;0
685;2012-11-15;1;11;0;1;0.324492;0.1529869999999999;601;0;320;5125;5445;0;0;0;0;1;0;0;0;0;0;1;0;1;0
368;2012-01-03;1;1;0;1;0.126275;0.365671;549;0;89;2147;2236;0;0;1;0;0;0;0;1;0;0;0;1;0;0
472;2012-04-16;1;4;1;0;0.614925;0.284829;740;0;1198;5172;6370;0;1;0;0;0;0;0;0;1;0;0;1;0;0
442;2012-03-17;1;3;0;0;0.505046;0.110704;773;1;3155;4681;7836;0;0;0;0;0;0;1;1;0;0;0;0;1;0
257;2011-09-14;0;9;0;1;0.6269;0.1673;761;0;647;4138;4785;0;0;0;1;0;0;0;0;0;1;0;1;0;0
413;2012-02-17;1;2;0;1;0.3516289999999999;0.205846;877;1;349;3805;4154;0;0;0;0;0;1;0;1;0;0;0;1;0;0
643;2012-10-04;1;10;0;1;0.607975;0.117546;479;0;891;6437;7328;0;0;0;0;1;0;0;0;0;0;1;0;1;0
274;2011-10-01;0;10;0;0;0.412863;0.292296;628;0;480;1949;2429;0;0;0;0;0;0;1;0;0;0;1;0;1;0
129;2011-05-09;0;5;0;1;0.525246;0.176;838;0;664;3698;4362;0;1;0;0;0;0;0;0;1;0;0;1;0;0
175;2011-06-24;0;6;0;1;0.656583;0.222025;779;0;969;4022;4991;0;0;0;0;0;1;0;0;0;1;0;1;0;0
213;2011-08-01;0;8;0;1;0.703292;0.156717;533;0;729;3537;4266;0;1;0;0;0;0;0;0;0;1;0;1;0;0
533;2012-06-16;1;6;0;0;0.594708;0.166667;932;0;2963;4739;7702;0;0;0;0;0;0;1;0;1;0;0;1;0;0
590;2012-08-12;1;8;0;0;0.644579;0.122512;513;0;2182;4362;6544;1;0;0;0;0;0;0;0;0;1;0;1;0;0
221;2011-08-09;0;8;0;1;0.724121;0.151121;464;0;907;3695;4602;0;0;1;0;0;0;0;0;0;1;0;1;0;0
269;2011-09-26;0;9;0;1;0.589042;0.1107;495;1;684;3946;4630;0;1;0;0;0;0;0;0;0;0;1;0;1;0
417;2012-02-21;1;2;0;1;0.295113;0.205717;587;0;163;3614;3777;0;0;1;0;0;0;0;1;0;0;0;1;0;0
30;2011-01-30;0;1;0;0;0.250322;0.0739826;548;0;140;956;1096;1;0;0;0;0;0;0;1;0;0;0;1;0;0
565;2012-07-18;1;7;0;1;0.745583;0.137442;977;0;799;4914;5713;0;0;0;1;0;0;0;0;0;1;0;1;0;0
594;2012-08-16;1;8;0;1;0.654688;0.141796;755;0;1338;6267;7605;0;0;0;0;1;0;0;0;0;1;0;1;0;0
135;2011-05-15;0;5;0;0;0.536;0.152979;1024;0;1582;2971;4553;1;0;0;0;0;0;0;0;1;0;0;0;1;0
425;2012-02-29;1;2;0;1;0.34847;0.179117;629;0;65;1769;1834;0;0;0;1;0;0;0;1;0;0;0;0;1;0
227;2011-08-15;0;8;0;1;0.616167;0.208954;815;0;775;3563;4338;0;1;0;0;0;0;0;0;0;1;0;1;0;0
502;2012-05-16;1;5;0;1;0.595975;0.122512;588;0;991;6433;7424;0;0;0;1;0;0;0;0;1;0;0;1;0;0
524;2012-06-07;1;6;0;1;0.569442;0.15735;537;0;1038;6456;7494;0;0;0;0;1;0;0;0;1;0;0;1;0;0
188;2011-07-07;0;7;0;1;0.686871;0.1592;723;0;754;3838;4592;0;0;0;0;1;0;0;0;0;1;0;1;0;0
9;2011-01-09;0;1;0;0;0.116175;0.36195;836;0;54;768;822;1;0;0;0;0;0;0;1;0;0;0;1;0;0
378;2012-01-13;1;1;0;1;0.249362;0.378108;911;0;174;3040;3214;0;0;0;0;0;1;0;1;0;0;0;1;0;0
722;2012-12-22;1;12;0;0;0.236113;0.407346;572;0;205;1544;1749;0;0;0;0;0;0;1;1;0;0;0;1;0;0
4;2011-01-04;0;1;0;1;0.2121219999999999;0.160296;734;0;108;1454;1562;0;0;1;0;0;0;0;1;0;0;0;1;0;0
557;2012-07-10;1;7;0;1;0.664796;0.1517369999999999;516;1;954;5336;6290;0;0;1;0;0;0;0;0;0;1;0;0;1;0
144;2011-05-24;0;5;0;1;0.604813;0.207092;829;0;659;3833;4492;0;0;1;0;0;0;0;0;1;0;0;0;1;0
481;2012-04-25;1;4;0;1;0.470317;0.118792;636;0;655;5541;6196;0;0;0;1;0;0;0;0;1;0;0;1;0;0
578;2012-07-31;1;7;0;1;0.662896;0.165425;864;0;968;6248;7216;0;0;1;0;0;0;0;0;0;1;0;1;0;0
564;2012-07-17;1;7;0;1;0.755683;0.114429;809;0;921;5865;6786;0;0;1;0;0;0;0;0;0;1;0;1;0;0
683;2012-11-13;1;11;0;1;0.323225;0.342046;542;0;327;3767;4094;0;0;1;0;0;0;0;0;0;0;1;0;1;0
699;2012-11-29;1;11;0;1;0.2984219999999999;0.115522;509;0;243;5080;5323;0;0;0;0;1;0;0;0;0;0;1;1;0;0
637;2012-09-28;1;9;0;1;0.585863;0.164179;658;0;1045;6370;7415;0;0;0;0;0;1;0;0;0;0;1;0;1;0
548;2012-07-01;1;7;0;0;0.750629;0.1685289999999999;860;1;1421;4110;5531;1;0;0;0;0;0;0;0;0;1;0;1;0;0
261;2011-09-18;0;9;0;0;0.490537;0.178483;750;1;1353;2921;4274;1;0;0;0;0;0;0;0;0;1;0;1;0;0
626;2012-09-17;1;9;0;1;0.55305;0.151742;848;0;1022;5847;6869;0;1;0;0;0;0;0;0;0;1;0;0;1;0
681;2012-11-11;1;11;0;0;0.421713;0.1275;783;0;2290;4562;6852;1;0;0;0;0;0;0;0;0;0;1;1;0;0
397;2012-02-01;1;2;0;1;0.466538;0.189067;787;0;304;4275;4579;0;0;0;1;0;0;0;1;0;0;0;1;0;0
8;2011-01-08;0;1;0;0;0.162254;0.266804;990;0;68;891;959;0;0;0;0;0;0;1;1;0;0;0;0;1;0
354;2011-12-20;0;12;0;1;0.396454;0.0615708;867;1;216;3534;3750;0;0;1;0;0;0;0;0;0;0;1;0;1;0
304;2011-10-31;0;10;0;1;0.356063;0.10635;720;0;362;3307;3669;0;1;0;0;0;0;0;0;0;0;1;1;0;0
597;2012-08-19;1;8;0;0;0.603554;0.08645;540;0;1208;3341;4549;1;0;0;0;0;0;0;0;0;1;0;0;1;0
464;2012-04-08;1;4;0;0;0.492425;0.232596;557;1;2230;2939;5169;1;0;0;0;0;0;0;0;1;0;0;1;0;0
119;2011-04-29;0;4;0;1;0.497463;0.240063;911;1;878;3717;4595;0;0;0;0;0;1;0;0;1;0;0;1;0;0
132;2011-05-12;0;5;0;1;0.523363;0.189667;983;0;695;4169;4864;0;0;0;0;1;0;0;0;1;0;0;1;0;0
562;2012-07-15;1;7;0;0;0.705196;0.166667;690;1;1920;4111;6031;1;0;0;0;0;0;0;0;0;1;0;1;0;0
441;2012-03-16;1;3;0;1;0.436229;0.113192;585;0;548;3830;4378;0;0;0;0;0;1;0;1;0;0;0;0;1;0
608;2012-08-30;1;8;0;1;0.652779;0.0771167;592;0;1172;6541;7713;0;0;0;0;1;0;0;0;0;1;0;1;0;0
163;2011-06-12;0;6;0;0;0.643325;0.163567;495;0;1467;2993;4460;1;0;0;0;0;0;0;0;1;0;0;1;0;0
44;2011-02-13;0;2;0;0;0.324113;0.260883;686;1;397;1192;1589;1;0;0;0;0;0;0;1;0;0;0;1;0;0
367;2012-01-02;1;1;1;0;0.252304;0.329665;989;0;244;1707;1951;0;1;0;0;0;0;0;1;0;0;0;1;0;0
529;2012-06-12;1;6;0;1;0.597875;0.214546;777;0;477;4495;4972;0;0;1;0;0;0;0;0;1;0;0;0;1;0
669;2012-10-30;1;10;0;1;0.309909;0.213009;846;0;87;1009;1096;0;0;1;0;0;0;0;0;0;0;1;0;1;0
321;2011-11-17;0;11;0;1;0.323221;0.3053619999999999;532;0;139;2914;3053;0;0;0;0;1;0;0;0;0;0;1;0;1;0
232;2011-08-20;0;8;0;0;0.648996;0.104467;675;0;1914;3277;5191;0;0;0;0;0;0;1;0;0;1;0;1;0;0
702;2012-12-02;1;12;0;0;0.3592079999999999;0.1243789999999999;702;0;892;3757;4649;1;0;0;0;0;0;0;0;0;0;1;0;1;0
303;2011-10-30;0;10;0;0;0.321329;0.176617;787;0;885;2446;3331;1;0;0;0;0;0;0;0;0;0;1;1;0;0
514;2012-05-28;1;5;1;0;0.6793;0.196521;506;0;2557;3486;6043;0;1;0;0;0;0;0;0;1;0;0;1;0;0
501;2012-05-15;1;5;0;1;0.576404;0.147392;779;0;625;4490;5115;0;0;1;0;0;0;0;0;1;0;0;0;1;0
401;2012-02-05;1;2;0;0;0.264521;0.175996;769;0;318;2629;2947;1;0;0;0;0;0;0;1;0;0;0;0;1;0
341;2011-12-07;0;12;0;1;0.400246;0.266175;586;1;50;655;705;0;0;0;1;0;0;0;0;0;0;1;0;0;1
277;2011-10-04;0;10;0;1;0.472858;0.205854;819;0;486;3970;4456;0;0;1;0;0;0;0;0;0;0;1;1;0;0
408;2012-02-12;1;2;0;0;0.101658;0.4092119999999999;644;0;73;1456;1529;1;0;0;0;0;0;0;1;0;0;0;1;0;0
682;2012-11-12;1;11;1;0;0.475383;0.173517;793;0;1097;5172;6269;0;1;0;0;0;0;0;0;0;0;1;1;0;0
206;2011-07-25;0;7;0;1;0.720958;0.0908083;474;0;568;3272;3840;0;1;0;0;0;0;0;0;0;1;0;1;0;0
190;2011-07-09;0;7;0;0;0.664158;0.1679119999999999;755;0;1988;3348;5336;0;0;0;0;0;0;1;0;0;1;0;1;0;0
202;2011-07-21;0;7;0;1;0.826371;0.222021;788;0;632;3152;3784;0;0;0;0;1;0;0;0;0;1;0;0;1;0
620;2012-09-11;1;9;0;1;0.554292;0.0920541999999999;469;0;1070;6697;7767;0;0;1;0;0;0;0;0;0;1;0;1;0;0
100;2011-04-10;0;4;0;0;0.426737;0.146767;661;0;1188;1707;2895;1;0;0;0;0;0;0;0;1;0;0;0;1;0
312;2011-11-08;0;11;0;1;0.412246;0.0690375;686;0;376;3829;4205;0;0;1;0;0;0;0;0;0;0;1;1;0;0
554;2012-07-07;1;7;0;0;0.804913;0.163554;834;0;1448;3392;4840;0;0;0;0;0;0;1;0;0;1;0;1;0;0
208;2011-07-27;0;7;0;1;0.690667;0.183463;654;0;755;3901;4656;0;0;0;1;0;0;0;0;0;1;0;1;0;0
661;2012-10-22;1;10;0;1;0.482942;0.0814833;599;0;830;6228;7058;0;1;0;0;0;0;0;0;0;0;1;1;0;0
162;2011-06-11;0;6;0;0;0.678038;0.15485;841;0;1729;3237;4966;0;0;0;0;0;0;1;0;1;0;0;1;0;0
316;2011-11-12;0;11;0;0;0.357942;0.212062;598;0;1275;2792;4067;0;0;0;0;0;0;1;0;0;0;1;1;0;0
353;2011-12-19;0;12;0;1;0.280933;0.172896;703;0;260;3143;3403;0;1;0;0;0;0;0;0;0;0;1;1;0;0
726;2012-12-26;1;12;0;1;0.220333;0.316546;701;0;9;432;441;0;0;0;1;0;0;0;1;0;0;0;0;0;1
654;2012-10-15;1;10;0;1;0.53915;0.296037;598;0;760;5115;5875;0;1;0;0;0;0;0;0;0;0;1;0;1;0
599;2012-08-21;1;8;0;1;0.601025;0.0727708;964;0;1081;5925;7006;0;0;1;0;0;0;0;0;0;1;0;1;0;0
680;2012-11-10;1;11;0;0;0.393937;0.0578458;901;0;2090;4446;6536;0;0;0;0;0;0;1;0;0;0;1;1;0;0
447;2012-03-22;1;3;0;1;0.531567;0.1175619999999999;750;0;1334;5537;6871;0;0;0;0;1;0;0;0;1;0;0;1;0;0
339;2011-12-05;0;12;0;1;0.393925;0.0622083;628;0;233;3578;3811;0;1;0;0;0;0;0;0;0;0;1;0;1;0
512;2012-05-26;1;5;0;0;0.642696;0.198992;869;0;2855;3681;6536;0;0;0;0;0;0;1;0;1;0;0;1;0;0
420;2012-02-24;1;2;0;1;0.410971;0.237567;944;0;246;3241;3487;0;0;0;0;0;1;0;1;0;0;0;0;1;0
248;2011-09-05;0;9;1;0;0.625646;0.212696;887;1;1236;2115;3351;0;1;0;0;0;0;0;0;0;1;0;0;1;0
1;2011-01-01;0;1;0;0;0.363625;0.160446;755;0;331;654;985;0;0;0;0;0;0;1;1;0;0;0;0;1;0
648;2012-10-09;1;10;0;1;0.438112;0.1903;611;0;601;5791;6392;0;0;1;0;0;0;0;0;0;0;1;0;1;0
313;2011-11-09;0;11;0;1;0.4090789999999999;0.0621958;864;0;305;3804;4109;0;0;0;1;0;0;0;0;0;0;1;1;0;0
88;2011-03-29;0;3;0;1;0.292908;0.226996;829;0;317;2108;2425;0;0;1;0;0;0;0;0;1;0;0;1;0;0
83;2011-03-24;0;3;0;1;0.270833;0.2437869999999999;861;0;166;1699;1865;0;0;0;0;1;0;0;0;1;0;0;0;1;0
305;2011-11-01;0;11;0;1;0.397088;0.135571;675;0;410;3658;4068;0;0;1;0;0;0;0;0;0;0;1;1;0;0
465;2012-04-09;1;4;0;1;0.476638;0.358196;585;1;905;4680;5585;0;1;0;0;0;0;0;0;1;0;0;1;0;0
488;2012-05-02;1;5;0;1;0.537896;0.138058;813;0;667;5502;6169;0;0;0;1;0;0;0;0;1;0;0;1;0;0
615;2012-09-06;1;9;0;1;0.655329;0.142421;598;1;611;5592;6203;0;0;0;0;1;0;0;0;0;1;0;0;1;0
712;2012-12-12;1;12;0;1;0.297338;0.162937;802;1;310;5009;5319;0;0;0;1;0;0;0;0;0;0;1;0;1;0
541;2012-06-24;1;6;0;0;0.674254;0.145525;731;0;2551;4340;6891;1;0;0;0;0;0;0;0;0;1;0;1;0;0
510;2012-05-24;1;5;0;1;0.6067;0.172896;706;0;1059;5711;6770;0;0;0;0;1;0;0;0;1;0;0;1;0;0
157;2011-06-06;0;6;0;1;0.621858;0.121896;912;0;673;3875;4548;0;1;0;0;0;0;0;0;1;0;0;1;0;0
373;2012-01-08;1;1;0;0;0.340258;0.191542;969;0;599;2826;3425;1;0;0;0;0;0;0;1;0;0;0;1;0;0
161;2011-06-10;0;6;0;1;0.703292;0.1405539999999999;840;0;815;3771;4586;0;0;0;0;0;1;0;0;1;0;0;1;0;0
314;2011-11-10;0;11;0;1;0.373721;0.189067;684;1;190;2743;2933;0;0;0;0;1;0;0;0;0;0;1;0;1;0
179;2011-06-28;0;6;0;1;0.692558;0.144283;997;0;732;3916;4648;0;0;1;0;0;0;0;0;0;1;0;1;0;0
716;2012-12-16;1;12;0;0;0.369938;0.100742;491;0;538;3248;3786;1;0;0;0;0;0;0;0;0;0;1;0;1;0
398;2012-02-02;1;2;0;1;0.398971;0.187187;547;0;190;3571;3761;0;0;0;0;1;0;0;1;0;0;0;0;1;0
229;2011-08-17;0;8;0;1;0.666671;0.143667;905;0;668;4026;4694;0;0;0;1;0;0;0;0;0;1;0;1;0;0
439;2012-03-14;1;3;0;1;0.548617;0.1150619999999999;887;0;997;5315;6312;0;0;0;1;0;0;0;1;0;0;0;1;0;0
103;2011-04-13;0;4;0;1;0.417283;0.250617;694;1;209;1953;2162;0;0;0;1;0;0;0;0;1;0;0;0;1;0
545;2012-06-28;1;6;0;1;0.675512;0.17165;772;0;921;5958;6879;0;0;0;0;1;0;0;0;0;1;0;1;0;0
596;2012-08-18;1;8;0;0;0.618071;0.177867;507;0;2827;5038;7865;0;0;0;0;0;0;1;0;0;1;0;1;0;0
315;2011-11-11;0;11;1;0;0.306817;0.314675;617;0;440;2928;3368;0;0;0;0;0;1;0;0;0;0;1;1;0;0
694;2012-11-24;1;11;0;0;0.248742;0.376871;496;0;532;1745;2277;0;0;0;0;0;0;1;0;0;0;1;1;0;0
540;2012-06-23;1;6;0;0;0.652792;0.179721;978;1;2657;4801;7458;0;0;0;0;0;0;1;0;0;1;0;1;0;0
490;2012-05-04;1;5;0;1;0.590917;0.162938;476;0;1069;5227;6296;0;0;0;0;0;1;0;0;1;0;0;1;0;0
588;2012-08-10;1;8;0;1;0.667942;0.238813;733;0;1065;4721;5786;0;0;0;0;0;1;0;0;0;1;0;0;1;0
656;2012-10-17;1;10;0;1;0.450108;0.101371;492;1;979;6482;7461;0;0;0;1;0;0;0;0;0;0;1;1;0;0
92;2011-04-02;0;4;0;0;0.315637;0.197146;672;0;898;1354;2252;0;0;0;0;0;0;1;0;1;0;0;0;1;0
359;2011-12-25;0;12;0;0;0.279961;0.155091;989;0;303;451;754;1;0;0;0;0;0;0;1;0;0;0;1;0;0
496;2012-05-10;1;5;0;1;0.4917829999999999;0.314063;550;0;1026;5546;6572;0;0;0;0;1;0;0;0;1;0;0;1;0;0
362;2011-12-28;0;12;0;1;0.279974;0.293961;840;0;255;2047;2302;0;0;0;1;0;0;0;1;0;0;0;1;0;0
254;2011-09-11;0;9;0;0;0.609229;0.1150539999999999;1005;0;1633;3413;5046;1;0;0;0;0;0;0;0;0;1;0;1;0;0
421;2012-02-25;1;2;0;0;0.255675;0.421642;669;0;317;2415;2732;0;0;0;0;0;0;1;1;0;0;0;1;0;0
296;2011-10-23;0;10;0;0;0.422333;0.0995125;607;0;1619;2762;4381;1;0;0;0;0;0;0;0;0;0;1;1;0;0
639;2012-09-30;1;9;0;0;0.517663;0.134958;952;0;2015;4874;6889;1;0;0;0;0;0;0;0;0;0;1;1;0;0
146;2011-05-26;0;5;0;1;0.654688;0.199642;720;0;758;3919;4677;0;0;0;0;1;0;0;0;1;0;0;1;0;0
619;2012-09-10;1;9;0;1;0.565654;0.258713;748;0;1118;6407;7525;0;1;0;0;0;0;0;0;0;1;0;1;0;0
252;2011-09-09;0;9;0;1;0.578946;0.1243789999999999;1002;0;417;3127;3544;0;0;0;0;0;1;0;0;0;1;0;0;1;0
241;2011-08-29;0;8;0;1;0.607958;0.159825;587;0;729;3905;4634;0;1;0;0;0;0;0;0;0;1;0;1;0;0
357;2011-12-23;0;12;0;1;0.377513;0.274246;762;0;163;2046;2209;0;0;0;0;0;1;0;1;0;0;0;1;0;0
185;2011-07-04;0;7;1;0;0.665417;0.0814791999999999;749;0;3065;2978;6043;0;1;0;0;0;0;0;0;0;1;0;0;1;0
361;2011-12-27;0;12;0;1;0.327633;0.18845;517;0;103;1059;1162;0;0;1;0;0;0;0;1;0;0;0;0;1;0
471;2012-04-15;1;4;0;0;0.573875;0.225129;554;0;2846;4286;7132;1;0;0;0;0;0;0;0;1;0;0;1;0;0
65;2011-03-06;0;3;0;0;0.366252;0.343287;667;0;114;491;605;1;0;0;0;0;0;0;1;0;0;0;0;1;0
698;2012-11-28;1;11;0;1;0.2897619999999999;0.210821;935;1;198;5062;5260;0;0;0;1;0;0;0;0;0;0;1;1;0;0
189;2011-07-08;0;7;0;1;0.6704829999999999;0.225129;1015;0;692;3348;4040;0;0;0;0;0;1;0;0;0;1;0;0;1;0
641;2012-10-02;1;10;0;1;0.542333;0.104475;499;0;315;4324;4639;0;0;1;0;0;0;0;0;0;0;1;0;0;1
255;2011-09-12;0;9;0;1;0.60213;0.088913;532;0;690;4023;4713;0;1;0;0;0;0;0;0;0;1;0;1;0;0
473;2012-04-17;1;4;0;1;0.598487;0.273629;633;0;989;5702;6691;0;0;1;0;0;0;0;0;1;0;0;1;0;0
509;2012-05-23;1;5;0;1;0.584612;0.102;873;0;766;4494;5260;0;0;0;1;0;0;0;0;1;0;0;0;1;0
67;2011-03-08;0;3;0;1;0.3024;0.12065;924;0;316;1817;2133;0;0;1;0;0;0;0;1;0;0;0;1;0;0
240;2011-08-28;0;8;0;0;0.6479590000000001;0.304659;615;0;1415;2919;4334;1;0;0;0;0;0;0;0;0;1;0;1;0;0
71;2011-03-12;0;3;0;0;0.32575;0.220775;580;0;724;1408;2132;0;0;0;0;0;0;1;1;0;0;0;1;0;0
485;2012-04-29;1;4;0;0;0.450121;0.116908;869;0;2229;4075;6304;1;0;0;0;0;0;0;0;1;0;0;1;0;0
652;2012-10-13;1;10;0;0;0.391396;0.146142;632;0;2252;4857;7109;0;0;0;0;0;0;1;0;0;0;1;1;0;0
721;2012-12-21;1;12;0;1;0.301767;0.3743829999999999;881;0;221;3402;3623;0;0;0;0;0;1;0;1;0;0;0;0;1;0
242;2011-08-30;0;8;0;1;0.594704;0.1250079999999999;576;1;775;4429;5204;0;0;1;0;0;0;0;0;0;1;0;1;0;0
234;2011-08-22;0;8;0;1;0.638254;0.27675;990;0;833;3925;4758;0;1;0;0;0;0;0;0;0;1;0;1;0;0
66;2011-03-07;0;3;0;1;0.238461;0.341352;981;1;244;1628;1872;0;1;0;0;0;0;0;1;0;0;0;1;0;0
725;2012-12-25;1;12;1;0;0.294465;0.168726;699;0;440;573;1013;0;0;1;0;0;0;0;1;0;0;0;0;1;0
102;2011-04-12;0;4;0;1;0.493054;0.274879;813;0;257;1777;2034;0;0;1;0;0;0;0;0;1;0;0;0;1;0
13;2011-01-13;0;1;0;1;0.150883;0.301;572;1;38;1368;1406;0;0;0;0;1;0;0;1;0;0;0;1;0;0
399;2012-02-03;1;2;0;1;0.309346;0.178496;860;0;310;3841;4151;0;0;0;0;0;1;0;1;0;0;0;1;0;0
342;2011-12-08;0;12;0;1;0.256938;0.240058;573;0;150;3172;3322;0;0;0;0;1;0;0;0;0;0;1;1;0;0
713;2012-12-13;1;12;0;1;0.294188;0.174129;676;0;425;5107;5532;0;0;0;0;1;0;0;0;0;0;1;1;0;0
253;2011-09-10;0;9;0;0;0.607962;0.153608;560;0;1750;3595;5345;0;0;0;0;0;0;1;0;0;1;0;1;0;0
184;2011-07-03;0;7;0;0;0.668575;0.228858;722;0;2282;2367;4649;1;0;0;0;0;0;0;0;0;1;0;0;1;0
214;2011-08-02;0;8;0;1;0.707071;0.20585;617;0;801;4044;4845;0;0;1;0;0;0;0;0;0;1;0;1;0;0
272;2011-09-29;0;9;0;1;0.574512;0.1728829999999999;920;0;653;4186;4839;0;0;0;0;1;0;0;0;0;0;1;1;0;0
582;2012-08-04;1;8;0;0;0.751267;0.257458;606;0;2345;4479;6824;0;0;0;0;0;0;1;0;0;1;0;1;0;0
267;2011-09-24;0;9;0;0;0.564412;0.0783833;968;0;1776;3647;5423;0;0;0;0;0;0;1;0;0;0;1;0;1;0
433;2012-03-08;1;3;0;1;0.524604;0.441563;870;0;486;4896;5382;0;0;0;0;1;0;0;1;0;0;0;1;0;0
358;2011-12-24;0;12;0;0;0.299242;0.190304;803;0;155;856;1011;0;0;0;0;0;0;1;1;0;0;0;1;0;0
97;2011-04-07;0;4;0;1;0.433696;0.1623119999999999;929;0;571;2570;3141;0;0;0;0;1;0;0;0;1;0;0;1;0;0
363;2011-12-29;0;12;0;1;0.263892;0.1194119999999999;728;0;254;2169;2423;0;0;0;0;1;0;0;1;0;0;0;1;0;0
31;2011-01-31;0;1;0;1;0.18625;0.187192;901;0;42;1459;1501;0;1;0;0;0;0;0;1;0;0;0;0;1;0
117;2011-04-27;0;4;0;1;0.575142;0.3122;849;1;547;3325;3872;0;0;0;1;0;0;0;0;1;0;0;0;1;0
332;2011-11-28;0;11;0;1;0.490122;0.142122;637;0;253;3614;3867;0;1;0;0;0;0;0;0;0;0;1;1;0;0
424;2012-02-28;1;2;0;1;0.353525;0.193417;595;0;229;4134;4363;0;0;1;0;0;0;0;1;0;0;0;1;0;0
489;2012-05-03;1;5;0;1;0.537242;0.133696;908;1;764;5657;6421;0;0;0;0;1;0;0;0;1;0;0;0;1;0
428;2012-03-03;1;3;0;0;0.413492;0.161079;642;0;956;3110;4066;0;0;0;0;0;0;1;1;0;0;0;0;1;0
406;2012-02-10;1;2;0;1;0.293558;0.1169289999999999;764;0;227;3604;3831;0;0;0;0;0;1;0;1;0;0;0;0;1;0
193;2011-07-12;0;7;0;1;0.739275;0.200254;670;0;662;3596;4258;0;0;1;0;0;0;0;0;0;1;0;1;0;0
415;2012-02-19;1;2;0;0;0.265788;0.253112;838;0;618;2071;2689;1;0;0;0;0;0;0;1;0;0;0;0;1;0
508;2012-05-22;1;5;0;1;0.580825;0.118167;576;0;819;5254;6073;0;0;1;0;0;0;0;0;1;0;0;0;1;0
385;2012-01-20;1;1;0;1;0.220958;0.20275;584;0;115;3048;3163;0;0;0;0;0;1;0;1;0;0;0;0;1;0
498;2012-05-12;1;5;0;0;0.544817;0.1231329999999999;813;0;2622;4807;7429;0;0;0;0;0;0;1;0;1;0;0;1;0;0
372;2012-01-07;1;1;0;0;0.390779;0.174758;827;0;1070;3451;4521;0;0;0;0;0;0;1;1;0;0;0;1;0;0
503;2012-05-17;1;5;0;1;0.572613;0.229475;882;0;1242;6142;7384;0;0;0;0;1;0;0;0;1;0;0;1;0;0
477;2012-04-21;1;4;0;0;0.542921;0.283587;524;0;2541;4083;6624;0;0;0;0;0;0;1;0;1;0;0;1;0;0
20;2011-01-20;0;1;0;1;0.25505;0.195904;992;0;83;1844;1927;0;0;0;0;1;0;0;1;0;0;0;0;1;0
440;2012-03-15;1;3;0;1;0.532825;0.149883;624;0;1005;5187;6192;0;0;0;0;1;0;0;1;0;0;0;1;0;0
55;2011-02-24;0;2;0;1;0.289191;0.250496;759;0;100;1707;1807;0;0;0;0;1;0;0;1;0;0;0;0;1;0
587;2012-08-09;1;8;0;1;0.699508;0.1561;1006;1;1196;6090;7286;0;0;0;0;1;0;0;0;0;1;0;1;0;0
70;2011-03-11;0;3;0;1;0.305;0.2329699999999999;487;1;247;1730;1977;0;0;0;0;0;1;0;1;0;0;0;0;1;0
550;2012-07-03;1;7;0;1;0.70265;0.126237;790;0;1052;5608;6660;0;0;1;0;0;0;0;0;0;1;0;1;0;0
110;2011-04-20;0;4;0;1;0.564392;0.241925;750;1;613;3331;3944;0;0;0;1;0;0;0;0;1;0;0;1;0;0
243;2011-08-31;0;8;0;1;0.611121;0.0833333;628;0;688;4370;5058;0;0;0;1;0;0;0;0;0;1;0;1;0;0
469;2012-04-13;1;4;0;1;0.4318079999999999;0.155471;965;0;1252;5146;6398;0;0;0;0;0;1;0;0;1;0;0;1;0;0
59;2011-02-28;0;2;0;1;0.400118;0.289686;471;1;81;1365;1446;0;1;0;0;0;0;0;1;0;0;0;0;1;0
151;2011-05-31;0;5;0;1;0.725383;0.111329;843;0;673;3309;3982;0;0;1;0;0;0;0;0;1;0;0;1;0;0
32;2011-02-01;0;2;0;1;0.23453;0.0532129999999999;914;0;47;1313;1360;0;0;1;0;0;0;0;1;0;0;0;0;1;0
169;2011-06-18;0;6;0;0;0.643954;0.1194079999999999;617;0;1807;3312;5119;0;0;0;0;0;0;1;0;1;0;0;1;0;0
517;2012-05-31;1;5;0;1;0.631329;0.195279;986;0;1100;6238;7338;0;0;0;0;1;0;0;0;1;0;0;1;0;0
696;2012-11-26;1;11;0;1;0.3390039999999999;0.04665;1025;0;337;4750;5087;0;1;0;0;0;0;0;0;0;0;1;1;0;0
690;2012-11-20;1;11;0;1;0.380667;0.082725;796;0;534;5100;5634;0;0;1;0;0;0;0;0;0;0;1;0;1;0
455;2012-03-30;1;3;0;1;0.375621;0.138067;1016;0;796;4663;5459;0;0;0;0;0;1;0;0;1;0;0;0;1;0
506;2012-05-20;1;5;0;0;0.583967;0.254367;783;0;2704;4425;7129;1;0;0;0;0;0;0;0;1;0;0;1;0;0
91;2011-04-01;0;4;0;1;0.283454;0.258708;699;1;307;1920;2227;0;0;0;0;0;1;0;0;1;0;0;0;1;0
260;2011-09-17;0;9;0;0;0.478512;0.189675;939;1;1434;3077;4511;0;0;0;0;0;0;1;0;0;1;0;0;1;0
317;2011-11-13;0;11;0;0;0.43055;0.281721;829;0;1004;2713;3717;1;0;0;0;0;0;0;0;0;0;1;1;0;0
145;2011-05-25;0;5;0;1;0.615542;0.1542329999999999;702;0;740;4238;4978;0;0;0;1;0;0;0;0;1;0;0;1;0;0
695;2012-11-25;1;11;0;0;0.257583;0.1505;728;0;309;2115;2424;1;0;0;0;0;0;0;0;0;0;1;1;0;0
595;2012-08-17;1;8;0;1;0.2424;0.231354;887;0;1483;5665;7148;0;0;0;0;0;1;0;0;0;1;0;1;0;0
519;2012-06-02;1;6;0;0;0.566288;0.1865619999999999;743;0;2795;5325;8120;0;0;0;0;0;0;1;0;1;0;0;1;0;0
427;2012-03-02;1;3;0;1;0.359842;0.144904;867;0;246;2948;3194;0;0;0;0;0;1;0;1;0;0;0;0;1;0
515;2012-05-29;1;5;0;1;0.672992;0.2954;598;1;880;4863;5743;0;0;1;0;0;0;0;0;1;0;0;1;0;0
670;2012-10-31;1;10;0;1;0.3611;0.166667;747;0;419;5147;5566;0;0;0;1;0;0;0;0;0;0;1;0;1;0
284;2011-10-11;0;10;0;1;0.546096;0.143042;800;0;667;3896;4563;0;0;1;0;0;0;0;0;0;0;1;0;1;0
3;2011-01-03;0;1;0;1;0.189405;0.248309;829;0;120;1229;1349;0;1;0;0;0;0;0;1;0;0;0;1;0;0
49;2011-02-18;0;2;0;1;0.511983;0.264925;681;0;579;2348;2927;0;0;0;0;0;1;0;1;0;0;0;1;0;0
673;2012-11-03;1;11;0;0;0.323846;0.270529;827;0;1029;4109;5138;0;0;0;0;0;0;1;0;0;0;1;0;1;0
323;2011-11-19;0;11;0;0;0.3244829999999999;0.224496;1003;0;943;2720;3663;0;0;0;0;0;0;1;0;0;0;1;1;0;0
676;2012-11-06;1;11;0;1;0.281567;0.173513;677;0;466;5220;5686;0;0;1;0;0;0;0;0;0;0;1;1;0;0
142;2011-05-22;0;5;0;0;0.5745;0.148008;703;0;1576;3084;4660;1;0;0;0;0;0;0;0;1;0;0;1;0;0
211;2011-07-30;0;7;0;0;0.728537;0.168537;637;0;1559;2916;4475;0;0;0;0;0;0;1;0;0;1;0;1;0;0
437;2012-03-12;1;3;0;1;0.459592;0.207713;497;0;838;4460;5298;0;1;0;0;0;0;0;1;0;0;0;1;0;0
12;2011-01-12;0;1;0;1;0.160473;0.304627;889;0;25;1137;1162;0;0;0;1;0;0;0;1;0;0;0;1;0;0
598;2012-08-20;1;8;0;1;0.595967;0.1299789999999999;611;0;1026;5504;6530;0;1;0;0;0;0;0;0;0;1;0;0;1;0
343;2011-12-09;0;12;0;1;0.317542;0.0827166999999999;875;0;261;3359;3620;0;0;0;0;0;1;0;0;0;0;1;1;0;0
526;2012-06-09;1;6;0;0;0.648367;0.144287;593;0;2708;4790;7498;0;0;0;0;0;0;1;0;1;0;0;1;0;0
251;2011-09-08;0;9;0;1;0.555361;0.192748;684;1;153;1689;1842;0;0;0;0;1;0;0;0;0;1;0;0;0;1
435;2012-03-10;1;3;0;0;0.277767;0.22575;994;1;968;3150;4118;0;0;0;0;0;0;1;1;0;0;0;1;0;0
593;2012-08-15;1;8;0;1;0.654037;0.169771;501;0;1198;6149;7347;0;0;0;1;0;0;0;0;0;1;0;1;0;0
394;2012-01-29;1;1;0;0;0.272721;0.24005;836;0;558;2685;3243;1;0;0;0;0;0;0;1;0;0;0;1;0;0
228;2011-08-16;0;8;0;1;0.645837;0.2363289999999999;1019;0;721;4004;4725;0;0;1;0;0;0;0;0;0;1;0;1;0;0
708;2012-12-08;1;12;0;0;0.3895079999999999;0.101379;620;0;1153;4429;5582;0;0;0;0;0;0;1;0;0;0;1;0;1;0
42;2011-02-11;0;2;0;1;0.213509;0.10855;946;0;149;1597;1746;0;0;0;0;0;1;0;1;0;0;0;1;0;0
412;2012-02-16;1;2;0;1;0.330162;0.091425;632;0;74;2931;3005;0;0;0;0;1;0;0;1;0;0;0;0;1;0
360;2011-12-26;0;12;1;0;0.315535;0.239465;465;0;430;887;1317;0;1;0;0;0;0;0;1;0;0;0;1;0;0
551;2012-07-04;1;7;1;0;0.732337;0.13495;702;0;2562;4841;7403;0;0;0;1;0;0;0;0;0;1;0;1;0;0
390;2012-01-25;1;1;0;1;0.294821;0.161071;465;0;467;3803;4270;0;0;0;1;0;0;0;1;0;0;0;1;0;0
650;2012-10-11;1;10;0;1;0.431167;0.181596;725;0;834;6736;7570;0;0;0;0;1;0;0;0;0;0;1;1;0;0
566;2012-07-19;1;7;0;1;0.714642;0.165429;602;0;888;5703;6591;0;0;0;0;1;0;0;0;0;1;0;1;0;0
574;2012-07-27;1;7;0;1;0.734217;0.152992;948;0;1259;5645;6904;0;0;0;0;0;1;0;0;0;1;0;1;0;0
266;2011-09-23;0;9;0;1;0.522125;0.0783667;612;0;258;2137;2395;0;0;0;0;0;1;0;0;0;0;1;0;1;0
627;2012-09-18;1;9;0;1;0.565067;0.357587;795;0;371;3702;4073;0;0;1;0;0;0;0;0;0;1;0;0;1;0
109;2011-04-19;0;4;0;1;0.4892579999999999;0.157971;707;0;409;2795;3204;0;0;1;0;0;0;0;0;1;0;0;0;1;0
612;2012-09-03;1;9;1;0;0.661629;0.151121;469;0;1965;4069;6034;0;1;0;0;0;0;0;0;0;1;0;1;0;0
63;2011-03-04;0;3;0;1;0.255679;0.203346;932;1;214;1730;1944;0;0;0;0;0;1;0;1;0;0;0;0;1;0
542;2012-06-25;1;6;0;1;0.654042;0.300383;932;1;1139;5640;6779;0;1;0;0;0;0;0;0;0;1;0;1;0;0
636;2012-09-27;1;9;0;1;0.607975;0.134342;472;0;751;6642;7393;0;0;0;0;1;0;0;0;0;0;1;0;1;0
167;2011-06-16;0;6;0;1;0.595346;0.206471;462;0;545;3222;3767;0;0;0;0;1;0;0;0;1;0;0;0;1;0
259;2011-09-16;0;9;0;1;0.461475;0.164183;467;0;742;4018;4760;0;0;0;0;0;1;0;0;0;1;0;0;1;0
87;2011-03-28;0;3;0;1;0.2575739999999999;0.212204;870;0;222;1806;2028;0;1;0;0;0;0;0;0;1;0;0;1;0;0
603;2012-08-25;1;8;0;0;0.618696;0.244408;477;0;1829;4224;6053;0;0;0;0;0;0;1;0;0;1;0;0;1;0
701;2012-12-01;1;12;0;0;0.316904;0.0597041999999999;602;0;951;4240;5191;0;0;0;0;0;0;1;0;0;0;1;0;1;0
337;2011-12-03;0;12;0;0;0.310604;0.0957833;473;0;706;2908;3614;0;0;0;0;0;0;1;0;0;0;1;1;0;0
40;2011-02-09;0;2;0;1;0.144283;0.188839;474;0;53;1552;1605;0;0;0;1;0;0;0;1;0;0;0;0;1;0
518;2012-06-01;1;6;0;1;0.607962;0.237563;853;1;533;3594;4127;0;0;0;0;0;1;0;0;1;0;0;0;1;0
478;2012-04-22;1;4;0;0;0.389504;0.344546;603;0;120;907;1027;1;0;0;0;0;0;0;0;1;0;0;0;0;1
396;2012-01-31;1;1;0;1;0.381317;0.261817;963;0;324;4185;4509;0;0;1;0;0;0;0;1;0;0;0;1;0;0
195;2011-07-14;0;7;0;1;0.635104;0.240667;711;1;888;4196;5084;0;0;0;0;1;0;0;0;0;1;0;1;0;0
268;2011-09-25;0;9;0;0;0.572637;0.0503792;1030;0;1544;3466;5010;1;0;0;0;0;0;0;0;0;0;1;0;1;0
491;2012-05-05;1;5;0;0;0.584608;0.152992;1007;0;2496;4387;6883;0;0;0;0;0;0;1;0;1;0;0;0;1;0
278;2011-10-05;0;10;0;1;0.527138;0.17725;935;0;559;4267;4826;0;0;0;1;0;0;0;0;0;0;1;1;0;0
724;2012-12-24;1;12;0;1;0.2589;0.0772303999999999;1030;1;174;746;920;0;1;0;0;0;0;0;1;0;0;0;0;1;0
186;2011-07-05;0;7;0;1;0.696338;0.1262579999999999;874;0;1031;3634;4665;0;0;1;0;0;0;0;0;0;1;0;1;0;0
604;2012-08-26;1;8;0;0;0.595996;0.228858;644;0;1483;3772;5255;1;0;0;0;0;0;0;0;0;1;0;0;1;0
476;2012-04-20;1;4;0;1;0.515775;0.149871;507;0;1340;5950;7290;0;0;0;0;0;1;0;0;1;0;0;1;0;0
572;2012-07-25;1;7;0;1;0.654054;0.1648;789;1;1383;6790;8173;0;0;0;1;0;0;0;0;0;1;0;1;0;0
231;2011-08-19;0;8;0;1;0.633221;0.139308;687;0;797;3356;4153;0;0;0;0;0;1;0;0;0;1;0;0;1;0
280;2011-10-07;0;10;0;1;0.504404;0.0223917;991;0;949;4036;4985;0;0;0;0;0;1;0;0;0;0;1;1;0;0
723;2012-12-23;1;12;0;0;0.259471;0.1330829999999999;490;0;408;1379;1787;1;0;0;0;0;0;0;1;0;0;0;1;0;0
95;2011-04-05;0;4;0;1;0.39835;0.388067;626;0;167;1628;1795;0;0;1;0;0;0;0;0;1;0;0;0;1;0
56;2011-02-25;0;2;0;1;0.350461;0.346539;493;0;120;1341;1461;0;0;0;0;0;1;0;1;0;0;0;0;1;0
632;2012-09-23;1;9;0;0;0.518933;0.2232579999999999;888;0;2454;5453;7907;1;0;0;0;0;0;0;0;0;0;1;1;0;0
371;2012-01-06;1;1;0;1;0.340267;0.167908;559;0;307;3791;4098;0;0;0;0;0;1;0;1;0;0;0;1;0;0
170;2011-06-19;0;6;0;0;0.645846;0.102;1019;0;1639;3105;4744;1;0;0;0;0;0;0;0;1;0;0;0;1;0
218;2011-08-06;0;8;0;0;0.676154;0.22825;711;0;1521;2773;4294;0;0;0;0;0;0;1;0;0;1;0;0;1;0
492;2012-05-06;1;5;0;0;0.546737;0.1498789999999999;527;0;2135;4224;6359;1;0;0;0;0;0;0;0;1;0;0;0;1;0
672;2012-11-02;1;11;0;1;0.356042;0.266175;578;0;618;5229;5847;0;0;0;0;0;1;0;0;0;0;1;1;0;0
168;2011-06-17;0;6;0;1;0.600383;0.143029;659;1;863;3981;4844;0;0;0;0;0;1;0;0;1;0;0;1;0;0
389;2012-01-24;1;1;0;1;0.349108;0.123767;866;0;439;3900;4339;0;0;1;0;0;0;0;1;0;0;0;1;0;0
322;2011-11-18;0;11;0;1;0.272721;0.168533;673;0;245;3147;3392;0;0;0;0;0;1;0;0;0;0;1;1;0;0
333;2011-11-29;0;11;0;1;0.451375;0.258092;767;0;96;2818;2914;0;0;1;0;0;0;0;0;0;0;1;0;1;0
126;2011-05-06;0;5;0;1;0.474117;0.228246;695;0;894;3714;4608;0;0;0;0;0;1;0;0;1;0;0;1;0;0
504;2012-05-18;1;5;0;1;0.551121;0.136817;550;0;1521;6118;7639;0;0;0;0;0;1;0;0;1;0;0;1;0;0
101;2011-04-11;0;4;0;1;0.565217;0.324474;799;0;855;2493;3348;0;1;0;0;0;0;0;0;1;0;0;0;1;0
456;2012-03-31;1;3;0;0;0.4217079999999999;0.250617;538;0;2301;3934;6235;0;0;0;0;0;0;1;0;1;0;0;0;1;0
576;2012-07-29;1;7;0;0;0.667933;0.170396;523;0;2153;4444;6597;1;0;0;0;0;0;0;0;0;1;0;1;0;0
355;2011-12-21;0;12;0;1;0.428017;0.2214;942;0;107;2553;2660;0;0;0;1;0;0;0;1;0;0;0;0;1;0
171;2011-06-20;0;6;0;1;0.595346;0.155475;1018;0;699;3311;4010;0;1;0;0;0;0;0;0;1;0;0;0;1;0
60;2011-03-01;0;3;0;1;0.263879;0.216425;971;0;137;1714;1851;0;0;1;0;0;0;0;1;0;0;0;1;0;0
158;2011-06-07;0;6;0;1;0.65595;0.187808;464;1;763;4070;4833;0;0;1;0;0;0;0;0;1;0;0;1;0;0
308;2011-11-04;0;11;0;1;0.403392;0.271779;769;0;470;3576;4046;0;0;0;0;0;1;0;0;0;0;1;0;1;0
302;2011-10-29;0;10;0;0;0.227913;0.351371;936;0;57;570;627;0;0;0;0;0;0;1;0;0;0;1;0;0;1
731;2012-12-31;1;12;0;1;0.223487;0.154846;585;0;439;2290;2729;0;1;0;0;0;0;0;1;0;0;0;0;1;0
432;2012-03-07;1;3;0;1;0.3851;0.345779;490;0;432;4484;4916;0;0;0;1;0;0;0;1;0;0;0;1;0;0
178;2011-06-27;0;6;0;1;0.637004;0.107588;819;0;854;3854;4708;0;1;0;0;0;0;0;0;0;1;0;0;1;0
212;2011-07-31;0;7;0;0;0.729796;0.164813;724;0;1524;2778;4302;1;0;0;0;0;0;0;0;0;1;0;1;0;0
553;2012-07-06;1;7;0;1;0.752533;0.146142;797;0;1366;4841;6207;0;0;0;0;0;1;0;0;0;1;0;1;0;0
84;2011-03-25;0;3;0;1;0.256312;0.230725;776;0;300;1910;2210;0;0;0;0;0;1;0;0;1;0;0;1;0;0
728;2012-12-28;1;12;0;1;0.255046;0.155471;562;0;644;2451;3095;0;0;0;0;0;1;0;1;0;0;0;0;1;0
172;2011-06-21;0;6;0;1;0.637646;0.171025;474;0;774;4061;4835;0;0;1;0;0;0;0;0;0;1;0;0;1;0
618;2012-09-09;1;9;0;0;0.578925;0.224496;494;0;2570;5657;8227;1;0;0;0;0;0;0;0;0;1;0;1;0;0
223;2011-08-11;0;8;0;1;0.651521;0.164796;980;0;812;3980;4792;0;0;0;0;1;0;0;0;0;1;0;1;0;0
2;2011-01-02;0;1;0;0;0.3537389999999999;0.2485389999999999;837;1;131;670;801;1;0;0;0;0;0;0;1;0;0;0;0;1;0
688;2012-11-18;1;11;0;0;0.337746;0.2276119999999999;899;0;922;3747;4669;1;0;0;0;0;0;0;0;0;0;1;1;0;0
51;2011-02-20;0;2;0;0;0.27733;0.223235;628;0;639;1173;1812;1;0;0;0;0;0;0;1;0;0;0;1;0;0
147;2011-05-27;0;5;0;1;0.637008;0.240679;789;0;871;3808;4679;0;0;0;0;0;1;0;0;1;0;0;1;0;0
247;2011-09-04;0;9;0;0;0.665429;0.206467;606;0;2521;2419;4940;1;0;0;0;0;0;0;0;0;1;0;1;0;0
570;2012-07-23;1;7;0;1;0.690017;0.138683;603;0;1135;5831;6966;0;1;0;0;0;0;0;0;0;1;0;1;0;0
10;2011-01-10;0;1;0;1;0.150888;0.223267;897;0;41;1280;1321;0;1;0;0;0;0;0;1;0;0;0;1;0;0
217;2011-08-05;0;8;0;1;0.656567;0.184696;747;0;1023;3843;4866;0;0;0;0;0;1;0;0;0;1;0;1;0;0
684;2012-11-14;1;11;0;1;0.281563;0.199625;478;0;373;5122;5495;0;0;0;1;0;0;0;0;0;0;1;1;0;0
75;2011-03-16;0;3;0;1;0.36693;0.203117;837;0;321;1871;2192;0;0;0;1;0;0;0;1;0;0;0;0;1;0
610;2012-09-01;1;9;0;0;0.702654;0.113187;823;0;2352;3788;6140;0;0;0;0;0;0;1;0;0;1;0;0;1;0
544;2012-06-27;1;6;0;1;0.640792;0.271775;897;0;1077;6258;7335;0;0;0;1;0;0;0;0;0;1;0;1;0;0
495;2012-05-09;1;5;0;1;0.553025;0.216412;571;0;620;4097;4717;0;0;0;1;0;0;0;0;1;0;0;0;1;0
443;2012-03-18;1;3;0;0;0.4639999999999999;0.126883;1016;1;2207;3685;5892;1;0;0;0;0;0;0;1;0;0;0;0;1;0
561;2012-07-14;1;7;0;0;0.666042;0.143679;809;0;2355;4614;6969;0;0;0;0;0;0;1;0;0;1;0;0;1;0
692;2012-11-22;1;11;1;0;0.350371;0.0528708;535;0;955;1470;2425;0;0;0;0;1;0;0;0;0;0;1;1;0;0
494;2012-05-08;1;5;0;1;0.557471;0.296029;596;0;738;4990;5728;0;0;1;0;0;0;0;0;1;0;0;0;1;0
99;2011-04-09;0;4;0;0;0.3415289999999999;0.1330829999999999;803;0;879;1576;2455;0;0;0;0;0;0;1;0;1;0;0;0;1;0
54;2011-02-23;0;2;0;1;0.245717;0.094113;674;1;139;1778;1917;0;0;0;1;0;0;0;1;0;0;0;1;0;0
250;2011-09-07;0;9;0;1;0.544229;0.0970208;892;0;118;1878;1996;0;0;0;1;0;0;0;0;0;1;0;0;0;1
131;2011-05-11;0;5;0;1;0.5284;0.120642;549;0;550;3632;4182;0;0;0;1;0;0;0;0;1;0;0;1;0;0
500;2012-05-14;1;5;0;1;0.5499;0.212692;768;0;342;2501;2843;0;1;0;0;0;0;0;0;1;0;0;0;1;0
522;2012-06-05;1;6;0;1;0.525892;0.209575;831;0;968;6033;7001;0;0;1;0;0;0;0;0;1;0;0;0;1;0
538;2012-06-21;1;6;0;1;0.752542;0.1187869999999999;692;0;778;5127;5905;0;0;0;0;1;0;0;0;0;1;0;1;0;0
191;2011-07-10;0;7;0;0;0.690025;0.183471;492;0;1743;3138;4881;1;0;0;0;0;0;0;0;0;1;0;1;0;0
238;2011-08-26;0;8;0;1;0.659733;0.0839625;875;0;768;3893;4661;0;0;0;0;0;1;0;0;0;1;0;1;0;0
80;2011-03-21;0;3;0;1;0.409735;0.288783;817;0;401;1676;2077;0;1;0;0;0;0;0;0;1;0;0;0;1;0
47;2011-02-16;0;2;0;1;0.3162;0.251791;1029;0;218;1897;2115;0;0;0;1;0;0;0;1;0;0;0;1;0;0
6;2011-01-06;0;1;0;1;0.233209;0.0895652;734;1;88;1518;1606;0;0;0;0;1;0;0;1;0;0;0;1;0;0
414;2012-02-18;1;2;0;0;0.355425;0.190929;900;0;1435;2883;4318;0;0;0;0;0;0;1;1;0;0;0;1;0;0
384;2012-01-19;1;1;0;1;0.190038;0.220158;637;0;130;3162;3292;0;0;0;0;1;0;0;1;0;0;0;1;0;0
166;2011-06-15;0;6;0;1;0.587754;0.1679119999999999;749;0;769;4411;5180;0;0;0;1;0;0;0;0;1;0;0;1;0;0
375;2012-01-10;1;1;0;1;0.318826;0.187552;598;0;173;3425;3598;0;0;1;0;0;0;0;1;0;0;0;1;0;0
282;2011-10-09;0;10;0;0;0.523983;0.06345;581;0;2397;3114;5511;1;0;0;0;0;0;0;0;0;0;1;1;0;0
521;2012-06-04;1;6;0;1;0.578283;0.284833;860;0;1071;5927;6998;0;1;0;0;0;0;0;0;1;0;0;1;0;0
293;2011-10-20;0;10;0;1;0.466525;0.422275;751;1;471;3724;4195;0;0;0;0;1;0;0;0;0;0;1;1;0;0
635;2012-09-26;1;9;0;1;0.5966130000000001;0.2444;1001;0;787;6946;7733;0;0;0;1;0;0;0;0;0;0;1;1;0;0
215;2011-08-03;0;8;0;1;0.679937;0.1355829999999999;934;0;467;3107;3574;0;0;0;1;0;0;0;0;0;1;0;0;1;0
607;2012-08-29;1;8;0;1;0.635733;0.112562;575;0;1177;6520;7697;0;0;0;1;0;0;0;0;0;1;0;1;0;0
177;2011-06-26;0;6;0;0;0.637629;0.0945333;976;0;1920;3385;5305;1;0;0;0;0;0;0;0;0;1;0;1;0;0
36;2011-02-05;0;2;0;0;0.243058;0.161079;707;0;100;905;1005;0;0;0;0;0;0;1;1;0;0;0;0;1;0
438;2012-03-13;1;3;0;1;0.542929;0.23695;889;0;762;5085;5847;0;0;1;0;0;0;0;1;0;0;0;1;0;0
461;2012-04-05;1;4;0;1;0.431163;0.219529;518;1;1192;5265;6457;0;0;0;0;1;0;0;0;1;0;0;1;0;0
311;2011-11-07;0;11;0;1;0.400871;0.057225;606;0;373;3662;4035;0;1;0;0;0;0;0;0;0;0;1;1;0;0
379;2012-01-14;1;1;0;0;0.183087;0.187183;944;0;333;2160;2493;0;0;0;0;0;0;1;1;0;0;0;1;0;0
391;2012-01-26;1;1;0;1;0.35605;0.0733958;784;1;244;3831;4075;0;0;0;0;1;0;0;1;0;0;0;0;1;0
664;2012-10-25;1;10;0;1;0.529688;0.124375;492;0;875;6484;7359;0;0;0;0;1;0;0;0;0;0;1;0;1;0
710;2012-12-10;1;12;0;1;0.435575;0.190308;1031;0;329;4841;5170;0;1;0;0;0;0;0;0;0;0;1;0;1;0
563;2012-07-16;1;7;0;1;0.724125;0.164187;639;0;1088;5742;6830;0;1;0;0;0;0;0;0;0;1;0;1;0;0
678;2012-11-08;1;11;0;1;0.341891;0.347835;554;0;340;4975;5315;0;0;0;0;1;0;0;0;0;0;1;1;0;0
457;2012-04-01;1;4;0;0;0.4172869999999999;0.172267;664;0;2347;3694;6041;1;0;0;0;0;0;0;0;1;0;0;0;1;0
625;2012-09-16;1;9;0;0;0.563125;0.0901833;589;0;2166;5167;7333;1;0;0;0;0;0;0;0;0;1;0;1;0;0
616;2012-09-07;1;9;0;1;0.657204;0.171646;929;0;1045;6459;7504;0;0;0;0;0;1;0;0;0;1;0;1;0;0
410;2012-02-14;1;2;0;1;0.333946;0.141179;921;1;135;3787;3922;0;0;1;0;0;0;0;1;0;0;0;0;1;0
130;2011-05-10;0;5;0;1;0.522721;0.115671;473;0;694;4109;4803;0;0;1;0;0;0;0;0;1;0;0;1;0;0
319;2011-11-15;0;11;0;1;0.507579;0.199633;852;0;449;3746;4195;0;0;1;0;0;0;0;0;0;0;1;0;1;0
225;2011-08-13;0;8;0;0;0.645858;0.211454;935;0;1504;2646;4150;0;0;0;0;0;0;1;0;0;1;0;0;1;0
5;2011-01-05;0;1;0;1;0.2292699999999999;0.1869;745;0;82;1518;1600;0;0;0;1;0;0;0;1;0;0;0;1;0;0
150;2011-05-30;0;5;1;0;0.671092;0.131225;483;0;1549;2549;4098;0;1;0;0;0;0;0;0;1;0;0;1;0;0
727;2012-12-27;1;12;0;1;0.226642;0.3501329999999999;561;0;247;1867;2114;0;0;0;0;1;0;0;1;0;0;0;0;1;0
160;2011-06-09;0;6;0;1;0.757579;0.149883;906;0;563;3352;3915;0;0;0;0;1;0;0;0;1;0;0;0;1;0
207;2011-07-26;0;7;0;1;0.696979;0.200258;692;0;750;3840;4590;0;0;1;0;0;0;0;0;0;1;0;1;0;0
479;2012-04-23;1;4;0;1;0.301125;0.303496;512;1;195;3019;3214;0;1;0;0;0;0;0;0;1;0;0;0;1;0
381;2012-01-16;1;1;1;0;0.190663;0.2313579999999999;709;0;217;2081;2298;0;1;0;0;0;0;0;1;0;0;0;1;0;0
374;2012-01-09;1;1;0;1;0.247479;0.0989;644;0;106;2270;2376;0;1;0;0;0;0;0;1;0;0;0;0;1;0
118;2011-04-28;0;4;0;1;0.578929;0.3209079999999999;763;0;569;3489;4058;0;0;0;0;1;0;0;0;1;0;0;0;1;0
73;2011-03-14;0;3;0;1;0.332;0.136926;926;0;359;1687;2046;0;1;0;0;0;0;0;1;0;0;0;1;0;0
62;2011-03-03;0;3;0;1;0.200133;0.225754;759;0;123;1562;1685;0;0;0;0;1;0;0;1;0;0;0;1;0;0
530;2012-06-13;1;6;0;1;0.611117;0.343279;865;0;1173;6248;7421;0;0;0;1;0;0;0;0;1;0;0;1;0;0
33;2011-02-02;0;2;0;1;0.254417;0.264308;678;0;72;1454;1526;0;0;0;1;0;0;0;1;0;0;0;0;1;0
57;2011-02-26;0;2;0;0;0.282192;0.186571;522;0;424;1545;1969;0;0;0;0;0;0;1;1;0;0;0;1;0;0
405;2012-02-09;1;2;0;1;0.261988;0.194037;1010;0;163;3667;3830;0;0;0;0;1;0;0;1;0;0;0;1;0;0
400;2012-02-04;1;2;0;0;0.272725;0.121896;953;1;384;2448;2832;0;0;0;0;0;0;1;1;0;0;0;0;1;0
392;2012-01-27;1;1;0;1;0.415383;0.342667;977;0;269;3187;3456;0;0;0;0;0;1;0;1;0;0;0;0;1;0
613;2012-09-04;1;9;0;1;0.686888;0.236321;872;0;867;5997;6864;0;0;1;0;0;0;0;0;0;1;0;1;0;0
29;2011-01-29;0;1;0;0;0.212126;0.145365;1018;0;123;975;1098;0;0;0;0;0;0;1;1;0;0;0;1;0;0
475;2012-04-19;1;4;0;1;0.493046;0.0659292;584;0;846;5719;6565;0;0;0;0;1;0;0;0;1;0;0;1;0;0
307;2011-11-03;0;11;0;1;0.405921;0.136817;1021;0;318;3656;3974;0;0;0;0;1;0;0;0;0;0;1;1;0;0
340;2011-12-06;0;12;0;1;0.4564;0.2325829999999999;459;0;126;2468;2594;0;0;1;0;0;0;0;0;0;0;1;0;0;1
114;2011-04-24;0;4;0;0;0.551763;0.192175;697;0;1710;2481;4191;1;0;0;0;0;0;0;0;1;0;0;0;1;0
674;2012-11-04;1;11;0;0;0.329538;0.179108;684;0;1201;3906;5107;1;0;0;0;0;0;0;0;0;0;1;1;0;0
454;2012-03-29;1;3;0;1;0.482304;0.31965;956;0;834;5299;6133;0;0;0;0;1;0;0;0;1;0;0;1;0;0
165;2011-06-14;0;6;0;1;0.591546;0.269283;858;0;727;4164;4891;0;0;1;0;0;0;0;0;1;0;0;1;0;0
300;2011-10-27;0;10;0;1;0.457046;0.197763;518;0;240;2419;2659;0;0;0;0;1;0;0;0;0;0;1;0;1;0
532;2012-06-15;1;6;0;1;0.599754;0.176617;709;0;1563;6102;7665;0;0;0;0;0;1;0;0;1;0;0;1;0;0
560;2012-07-13;1;7;0;1;0.667933;0.08085;500;0;1511;5988;7499;0;0;0;0;0;1;0;0;0;1;0;0;1;0
467;2012-04-11;1;4;0;1;0.3372739999999999;0.295274;767;0;482;4380;4862;0;0;0;1;0;0;0;0;1;0;0;1;0;0
567;2012-07-20;1;7;0;1;0.613025;0.208967;685;0;747;5123;5870;0;0;0;0;0;1;0;0;0;1;0;0;1;0
134;2011-05-14;0;5;0;0;0.500629;0.13495;928;0;902;2507;3409;0;0;0;0;0;0;1;0;1;0;0;0;1;0
106;2011-04-16;0;4;0;0;0.425492;0.340808;577;0;121;674;795;0;0;0;0;0;0;1;0;1;0;0;0;0;1
585;2012-08-07;1;8;0;1;0.697621;0.116908;714;0;1278;5995;7273;0;0;1;0;0;0;0;0;0;1;0;0;1;0
325;2011-11-21;0;11;0;1;0.445062;0.138054;865;0;220;2545;2765;0;1;0;0;0;0;0;0;0;0;1;0;0;1
58;2011-02-27;0;2;0;0;0.351109;0.125248;736;0;694;1708;2402;1;0;0;0;0;0;0;1;0;0;0;1;0;0
263;2011-09-20;0;9;0;1;0.532217;0.134954;736;0;438;3203;3641;0;0;1;0;0;0;0;0;0;1;0;0;1;0
386;2012-01-21;1;1;0;0;0.174875;0.222642;798;0;67;1234;1301;0;0;0;0;0;0;1;1;0;0;0;0;1;0
153;2011-06-02;0;6;0;1;0.643942;0.2922869999999999;740;1;736;4232;4968;0;0;0;0;1;0;0;0;1;0;0;1;0;0
451;2012-03-26;1;3;0;1;0.43875;0.386821;747;0;795;4763;5558;0;1;0;0;0;0;0;0;1;0;0;1;0;0
537;2012-06-20;1;6;0;1;0.720975;0.1138119999999999;772;0;872;5339;6211;0;0;0;1;0;0;0;0;0;1;0;1;0;0
419;2012-02-23;1;2;0;1;0.444446;0.190913;509;0;516;4546;5062;0;0;0;0;1;0;0;1;0;0;0;1;0;0
152;2011-06-01;0;6;0;1;0.720967;0.207092;694;0;513;3461;3974;0;0;0;1;0;0;0;0;1;0;0;0;1;0
445;2012-03-20;1;3;0;1;0.538533;0.121271;605;1;1051;5042;6093;0;0;1;0;0;0;0;0;1;0;0;1;0;0
275;2011-10-02;0;10;0;0;0.345317;0.222013;485;0;616;2302;2918;1;0;0;0;0;0;0;0;0;0;1;0;1;0
668;2012-10-29;1;10;0;1;0.4394;0.3582;1028;1;2;20;22;0;1;0;0;0;0;0;0;0;0;1;0;0;1
644;2012-10-05;1;10;0;1;0.580187;0.10635;484;0;1516;6640;8156;0;0;0;0;0;1;0;0;0;0;1;1;0;0
127;2011-05-07;0;5;0;0;0.512621;0.16045;1014;0;1612;3102;4714;0;0;0;0;0;0;1;0;1;0;0;1;0;0
376;2012-01-11;1;1;0;1;0.282821;0.131221;715;0;92;2085;2177;0;0;0;1;0;0;0;1;0;0;0;0;1;0
573;2012-07-26;1;7;0;1;0.739263;0.284813;1012;0;1036;5825;6861;0;0;0;0;1;0;0;0;0;1;0;1;0;0
645;2012-10-06;1;10;0;0;0.538521;0.268025;755;0;3031;4934;7965;0;0;0;0;0;0;1;0;0;0;1;1;0;0
370;2012-01-05;1;1;0;1;0.278412;0.129987;983;0;140;3132;3272;0;0;0;0;1;0;0;1;0;0;0;1;0;0
125;2011-05-05;0;5;0;1;0.441917;0.295392;789;0;614;3819;4433;0;0;0;0;1;0;0;0;1;0;0;1;0;0
21;2011-01-21;0;1;0;1;0.157833;0.353242;725;0;75;1468;1543;0;0;0;0;0;1;0;1;0;0;0;1;0;0
351;2011-12-17;0;12;0;0;0.249371;0.243167;660;0;275;2464;2739;0;0;0;0;0;0;1;0;0;0;1;0;1;0
659;2012-10-20;1;10;0;0;0.472842;0.1175369999999999;988;0;2806;5284;8090;0;0;0;0;0;0;1;0;0;0;1;1;0;0
345;2011-12-11;0;12;0;0;0.253154;0.0665417;695;0;377;2366;2743;1;0;0;0;0;0;0;0;0;0;1;1;0;0
528;2012-06-11;1;6;0;1;0.659721;0.207713;907;0;1017;5647;6664;0;1;0;0;0;0;0;0;1;0;0;0;1;0
493;2012-05-07;1;5;0;1;0.527142;0.230721;893;1;1008;5265;6273;0;1;0;0;0;0;0;0;1;0;0;0;1;0
270;2011-09-27;0;9;0;1;0.574525;0.118171;903;1;477;3643;4120;0;0;1;0;0;0;0;0;0;0;1;0;1;0
82;2011-03-23;0;3;0;1;0.337939;0.234261;516;0;203;1918;2121;0;0;0;1;0;0;0;0;1;0;0;0;1;0
642;2012-10-03;1;10;0;1;0.599133;0.0665458;727;0;728;6844;7572;0;0;0;1;0;0;0;0;0;0;1;0;1;0
611;2012-09-02;1;9;0;0;0.649;0.0640708;946;0;2613;3197;5810;1;0;0;0;0;0;0;0;0;1;0;0;1;0
720;2012-12-20;1;12;0;1;0.335217;0.132463;883;0;314;3814;4128;0;0;0;0;1;0;0;1;0;0;0;0;1;0
525;2012-06-08;1;6;0;1;0.597862;0.1753829999999999;968;0;1488;6248;7736;0;0;0;0;0;1;0;0;1;0;0;1;0;0
338;2011-12-04;0;12;0;0;0.3491;0.0839583;998;1;634;2851;3485;1;0;0;0;0;0;0;0;0;0;1;1;0;0
715;2012-12-15;1;12;0;0;0.338383;0.10635;619;0;767;4280;5047;0;0;0;0;0;0;1;0;0;0;1;1;0;0
402;2012-02-06;1;2;0;1;0.296426;0.1538;750;0;206;3578;3784;0;1;0;0;0;0;0;1;0;0;0;1;0;0
43;2011-02-12;0;2;0;0;0.232954;0.203367;709;0;288;1184;1472;0;0;0;0;0;0;1;1;0;0;0;1;0;0
46;2011-02-15;0;2;0;1;0.254274;0.2913739999999999;565;0;140;1675;1815;0;0;1;0;0;0;0;1;0;0;0;1;0;0
156;2011-06-05;0;6;0;0;0.616804;0.138692;495;0;1685;3221;4906;1;0;0;0;0;0;0;0;1;0;0;0;1;0
149;2011-05-29;0;5;0;0;0.61555;0.213938;667;1;2355;2433;4788;1;0;0;0;0;0;0;0;1;0;0;1;0;0
199;2011-07-18;0;7;0;1;0.703925;0.215804;840;0;841;3617;4458;0;1;0;0;0;0;0;0;0;1;0;1;0;0
123;2011-05-03;0;5;0;1;0.582079;0.342667;666;0;603;3848;4451;0;0;1;0;0;0;0;0;1;0;0;0;1;0
520;2012-06-03;1;6;0;0;0.575133;0.184087;502;1;2494;5147;7641;1;0;0;0;0;0;0;0;1;0;0;1;0;0
294;2011-10-21;0;10;0;1;0.423596;0.221396;918;0;676;3628;4304;0;0;0;0;0;1;0;0;0;0;1;1;0;0
364;2011-12-30;0;12;0;1;0.318812;0.1343369999999999;918;0;491;2508;2999;0;0;0;0;0;1;0;1;0;0;0;1;0;0
289;2011-10-16;0;10;0;0;0.503154;0.281717;576;1;1748;3293;5041;1;0;0;0;0;0;0;0;0;0;1;1;0;0
111;2011-04-21;0;4;0;1;0.453892;0.325258;995;0;745;3444;4189;0;0;0;0;1;0;0;0;1;0;0;1;0;0
671;2012-11-01;1;11;0;1;0.369942;0.157346;746;1;466;5520;5986;0;0;0;0;1;0;0;0;0;0;1;0;1;0
382;2012-01-17;1;1;0;1;0.364278;0.34913;786;0;127;2808;2935;0;0;1;0;0;0;0;1;0;0;0;0;1;0
558;2012-07-11;1;7;0;1;0.650271;0.1517329999999999;707;0;975;6289;7264;0;0;0;1;0;0;0;0;0;1;0;1;0;0
507;2012-05-21;1;5;0;1;0.565667;0.233204;967;0;630;3729;4359;0;1;0;0;0;0;0;0;1;0;0;0;1;0
539;2012-06-22;1;6;0;1;0.724121;0.182842;885;0;964;4859;5823;0;0;0;0;0;1;0;0;0;1;0;1;0;0
329;2011-11-25;0;11;0;1;0.380671;0.0988958;931;0;1095;1697;2792;0;0;0;0;0;1;0;0;0;0;1;1;0;0
403;2012-02-07;1;2;0;1;0.361104;0.147379;821;0;199;4176;4375;0;0;1;0;0;0;0;1;0;0;0;1;0;0
138;2011-05-18;0;5;0;1;0.527158;0.201492;832;0;536;3319;3855;0;0;0;1;0;0;0;0;1;0;0;0;1;0
297;2011-10-24;0;10;0;1;0.457067;0.118792;645;0;699;3488;4187;0;1;0;0;0;0;0;0;0;0;1;1;0;0
28;2011-01-28;0;1;0;1;0.223317;0.1233;854;0;38;1129;1167;0;0;0;0;0;1;0;1;0;0;0;0;1;0
667;2012-10-28;1;10;0;0;0.467771;0.398008;822;0;998;3461;4459;1;0;0;0;0;0;0;0;0;0;1;0;1;0
122;2011-05-02;0;5;0;1;0.532833;0.183454;504;0;847;3554;4401;0;1;0;0;0;0;0;0;1;0;0;0;1;0
37;2011-02-06;0;2;0;0;0.291671;0.1418;565;0;354;1269;1623;1;0;0;0;0;0;0;1;0;0;0;1;0;0
292;2011-10-19;0;10;0;1;0.513848;0.243339;502;0;254;2170;2424;0;0;0;1;0;0;0;0;0;0;1;0;0;1
535;2012-06-18;1;6;0;1;0.544842;0.174746;711;0;653;4446;5099;0;1;0;0;0;0;0;0;1;0;0;0;1;0
468;2012-04-12;1;4;0;1;0.387604;0.290429;765;0;663;4746;5409;0;0;0;0;1;0;0;0;1;0;0;1;0;0
164;2011-06-13;0;6;0;1;0.601654;0.30535;706;0;863;4157;5020;0;1;0;0;0;0;0;0;1;0;0;1;0;0
96;2011-04-06;0;4;0;1;0.387608;0.263063;789;0;413;2395;2808;0;0;0;1;0;0;0;0;1;0;0;1;0;0
482;2012-04-26;1;4;0;1;0.483583;0.176625;946;0;475;4551;5026;0;0;0;0;1;0;0;0;1;0;0;0;1;0
205;2011-07-24;0;7;0;0;0.794829;0.169171;561;0;1050;2556;3606;1;0;0;0;0;0;0;0;0;1;0;1;0;0
174;2011-06-23;0;6;0;1;0.693833;0.238804;925;0;746;4044;4790;0;0;0;0;1;0;0;0;0;1;0;0;1;0
589;2012-08-11;1;8;0;0;0.638267;0.206479;538;0;2247;4052;6299;0;0;0;0;0;0;1;0;0;1;0;0;1;0
230;2011-08-18;0;8;0;1;0.662258;0.233208;846;0;639;3166;3805;0;0;0;0;1;0;0;0;0;1;0;1;0;0
649;2012-10-10;1;10;0;1;0.503142;0.187821;634;1;780;6911;7691;0;0;0;1;0;0;0;0;0;0;1;1;0;0
265;2011-09-22;0;9;0;1;0.554963;0.128125;919;0;555;4240;4795;0;0;0;0;1;0;0;0;0;0;1;0;1;0
79;2011-03-20;0;3;0;0;0.32575;0.207721;870;0;1047;1424;2471;1;0;0;0;0;0;0;1;0;0;0;1;0;0
434;2012-03-09;1;3;0;1;0.397083;0.4148;576;0;447;4122;4569;0;0;0;0;0;1;0;1;0;0;0;0;1;0
393;2012-01-28;1;1;0;0;0.326379;0.210829;479;0;775;3248;4023;0;0;0;0;0;0;1;1;0;0;0;1;0;0
143;2011-05-23;0;5;0;1;0.590296;0.233842;545;0;836;3438;4274;0;1;0;0;0;0;0;0;1;0;0;0;1;0
543;2012-06-26;1;6;0;1;0.594704;0.347642;683;0;1077;6365;7442;0;0;1;0;0;0;0;0;0;1;0;1;0;0
26;2011-01-26;0;1;0;1;0.2036;0.29385;602;0;34;472;506;0;0;0;1;0;0;0;1;0;0;0;0;0;1
112;2011-04-22;0;4;0;1;0.321954;0.219521;540;1;177;1506;1683;0;0;0;0;0;1;0;0;1;0;0;0;1;0
41;2011-02-10;0;2;0;1;0.149548;0.221935;840;0;47;1491;1538;0;0;0;0;1;0;0;1;0;0;0;1;0;0
719;2012-12-19;1;12;0;1;0.3421619999999999;0.184092;951;0;333;4934;5267;0;0;0;1;0;0;0;0;0;0;1;1;0;0
429;2012-03-04;1;3;0;0;0.303021;0.334571;569;0;710;2713;3423;1;0;0;0;0;0;0;1;0;0;0;1;0;0
600;2012-08-22;1;8;0;1;0.621854;0.0702833;553;0;1094;6281;7375;0;0;0;1;0;0;0;0;0;1;0;1;0;0
663;2012-10-24;1;10;0;1;0.558721;0.0727791999999999;707;0;795;6898;7693;0;0;0;1;0;0;0;0;0;0;1;1;0;0
463;2012-04-07;1;4;0;0;0.426129;0.274871;875;0;3252;3605;6857;0;0;0;0;0;0;1;0;1;0;0;1;0;0
104;2011-04-14;0;4;0;1;0.462742;0.1107;726;0;529;2738;3267;0;0;0;0;1;0;0;0;1;0;0;1;0;0
395;2012-01-30;1;1;0;1;0.262625;0.215792;470;0;126;3498;3624;0;1;0;0;0;0;0;1;0;0;0;1;0;0
226;2011-08-14;0;8;0;0;0.624388;0.222633;959;0;1338;2482;3820;1;0;0;0;0;0;0;0;0;1;0;0;1;0
309;2011-11-05;0;11;0;0;0.323854;0.1890619999999999;563;0;1156;2770;3926;0;0;0;0;0;0;1;0;0;0;1;1;0;0
256;2011-09-13;0;9;0;1;0.603554;0.1418039999999999;652;1;701;4062;4763;0;0;1;0;0;0;0;0;0;1;0;1;0;0
679;2012-11-09;1;11;0;1;0.355413;0.214558;738;0;709;5283;5992;0;0;0;0;0;1;0;0;0;0;1;1;0;0
647;2012-10-08;1;10;1;0;0.387608;0.189679;925;0;874;4604;5478;0;1;0;0;0;0;0;0;0;0;1;0;1;0
423;2012-02-27;1;2;0;1;0.357954;0.2680329999999999;490;0;253;4069;4322;0;1;0;0;0;0;0;1;0;0;0;1;0;0
622;2012-09-13;1;9;0;1;0.579558;0.0827208;702;0;1054;6750;7804;0;0;0;0;1;0;0;0;0;1;0;1;0;0
662;2012-10-23;1;10;0;1;0.530304;0.0945458;601;0;841;6625;7466;0;0;1;0;0;0;0;0;0;0;1;1;0;0
629;2012-09-20;1;9;0;1;0.532192;0.118167;990;1;939;6781;7720;0;0;0;0;1;0;0;0;0;1;0;1;0;0
707;2012-12-07;1;12;0;1;0.3219579999999999;0.1306;708;0;349;4659;5008;0;0;0;0;0;1;0;0;0;0;1;0;1;0
601;2012-08-23;1;8;0;1;0.637008;0.0845958;665;0;1363;6402;7765;0;0;0;0;1;0;0;0;0;1;0;1;0;0
486;2012-04-30;1;4;0;1;0.457696;0.171638;628;0;665;4907;5572;0;1;0;0;0;0;0;0;1;0;0;0;1;0
140;2011-05-20;0;5;0;1;0.529042;0.125013;528;0;909;4008;4917;0;0;0;0;0;1;0;0;1;0;0;1;0;0
187;2011-07-06;0;7;0;1;0.685633;0.149883;780;0;784;3845;4629;0;0;0;1;0;0;0;0;0;1;0;1;0;0
330;2011-11-26;0;11;0;0;0.385087;0.0684208;602;0;1249;1819;3068;0;0;0;0;0;0;1;0;0;0;1;1;0;0
249;2011-09-06;0;9;0;1;0.5152;0.343943;763;0;204;2506;2710;0;0;1;0;0;0;0;0;0;1;0;0;0;1
98;2011-04-08;0;4;0;1;0.324479;0.226992;907;0;172;1299;1471;0;0;0;0;0;1;0;0;1;0;0;0;1;0
584;2012-08-06;1;8;0;1;0.710246;0.129354;861;1;1233;5780;7013;0;1;0;0;0;0;0;0;0;1;0;0;1;0
115;2011-04-25;0;4;0;1;0.5745;0.185333;757;0;773;3300;4073;0;1;0;0;0;0;0;0;1;0;0;1;0;0
288;2011-10-15;0;10;0;0;0.498725;0.258083;1021;1;1899;3318;5217;0;0;0;0;0;0;1;0;0;0;1;1;0;0
48;2011-02-17;0;2;0;1;0.428658;0.230104;756;0;259;2216;2475;0;0;0;0;1;0;0;1;0;0;0;1;0;0
617;2012-09-08;1;9;0;0;0.611121;0.281104;824;0;1557;4419;5976;0;0;0;0;0;0;1;0;0;1;0;0;1;0
655;2012-10-16;1;10;0;1;0.460846;0.182221;513;0;922;6612;7534;0;0;1;0;0;0;0;0;0;0;1;1;0;0
50;2011-02-19;0;2;0;0;0.391404;0.507463;623;0;532;1103;1635;0;0;0;0;0;0;1;1;0;0;0;1;0;0
52;2011-02-21;0;2;1;0;0.284075;0.307846;802;0;195;912;1107;0;1;0;0;0;0;0;1;0;0;0;0;1;0
404;2012-02-08;1;2;0;1;0.266421;0.133721;510;0;109;2693;2802;0;0;0;1;0;0;0;1;0;0;0;0;1;0
418;2012-02-22;1;2;0;1;0.392667;0.234471;655;0;394;4379;4773;0;0;0;1;0;0;0;1;0;0;0;1;0;0
258;2011-09-15;0;9;0;1;0.553671;0.271146;501;0;428;3231;3659;0;0;0;0;1;0;0;0;0;1;0;0;1;0
262;2011-09-19;0;9;0;1;0.529675;0.151742;912;0;691;3848;4539;0;1;0;0;0;0;0;0;0;1;0;0;1;0
581;2012-08-03;1;8;0;1;0.722867;0.215792;937;1;1328;5847;7175;0;0;0;0;0;1;0;0;0;1;0;0;1;0
623;2012-09-14;1;9;0;1;0.594083;0.103863;918;0;1379;6630;8009;0;0;0;0;0;1;0;0;0;1;0;1;0;0
279;2011-10-06;0;10;0;1;0.480425;0.134954;1017;0;639;4126;4765;0;0;0;0;1;0;0;0;0;0;1;1;0;0
348;2011-12-14;0;12;0;1;0.338362;0.0609583;781;1;178;3562;3740;0;0;0;1;0;0;0;0;0;0;1;0;1;0
264;2011-09-21;0;9;0;1;0.5505329999999999;0.0964042;1000;0;539;3813;4352;0;0;0;1;0;0;0;0;0;1;0;0;1;0
536;2012-06-19;1;6;0;1;0.654692;0.148017;826;1;968;5857;6825;0;0;1;0;0;0;0;0;1;0;0;1;0;0
328;2011-11-24;0;11;1;0;0.372471;0.167304;785;0;560;935;1495;0;0;0;0;1;0;0;0;0;0;1;1;0;0
68;2011-03-09;0;3;0;1;0.286608;0.22015;521;1;191;1700;1891;0;0;0;1;0;0;0;1;0;0;0;0;1;0
107;2011-04-17;0;4;0;0;0.445696;0.303496;676;0;1558;2186;3744;1;0;0;0;0;0;0;0;1;0;0;1;0;0
430;2012-03-05;1;3;0;1;0.241171;0.228858;1019;0;203;3130;3333;0;1;0;0;0;0;0;1;0;0;0;1;0;0
334;2011-11-30;0;11;0;1;0.311221;0.271158;832;1;188;3425;3613;0;0;0;1;0;0;0;0;0;0;1;1;0;0
575;2012-07-28;1;7;0;0;0.697604;0.15735;508;0;2234;4451;6685;0;0;0;0;0;0;1;0;0;1;0;1;0;0
176;2011-06-25;0;6;0;0;0.643313;0.209571;465;0;1782;3420;5202;0;0;0;0;0;0;1;0;0;1;0;1;0;0
219;2011-08-07;0;8;0;0;0.715292;0.201487;769;0;1298;2487;3785;1;0;0;0;0;0;0;0;0;1;0;1;0;0
19;2011-01-19;0;1;0;1;0.2984219999999999;0.208317;1024;0;78;1572;1650;0;0;0;1;0;0;0;1;0;0;0;0;1;0
93;2011-04-03;0;4;0;0;0.378767;0.182213;829;0;1651;1598;3249;1;0;0;0;0;0;0;0;1;0;0;1;0;0
686;2012-11-16;1;11;0;1;0.347204;0.171025;603;0;484;5214;5698;0;0;0;0;0;1;0;0;0;0;1;1;0;0
76;2011-03-17;0;3;0;1;0.410333;0.209579;649;0;424;2320;2744;0;0;0;0;1;0;0;1;0;0;0;1;0;0
72;2011-03-13;0;3;0;0;0.380091;0.270604;943;0;982;1435;2417;1;0;0;0;0;0;0;1;0;0;0;1;0;0
523;2012-06-06;1;6;0;1;0.542292;0.077125;978;0;1027;6028;7055;0;0;0;1;0;0;0;0;1;0;0;1;0;0
534;2012-06-17;1;6;0;0;0.571975;0.144904;615;0;2634;4344;6978;1;0;0;0;0;0;0;0;1;0;0;1;0;0
237;2011-08-25;0;8;0;1;0.645854;0.210833;786;0;435;3107;3542;0;0;0;0;1;0;0;0;0;1;0;0;1;0
192;2011-07-11;0;7;0;1;0.729804;0.282337;730;0;723;3363;4086;0;1;0;0;0;0;0;0;0;1;0;1;0;0
480;2012-04-24;1;4;0;1;0.405283;0.249383;621;1;518;5115;5633;0;0;1;0;0;0;0;0;1;0;0;1;0;0
356;2011-12-22;0;12;0;1;0.426121;0.047275;472;0;227;2841;3068;0;0;0;0;1;0;0;1;0;0;0;0;1;0
621;2012-09-12;1;9;0;1;0.570075;0.131846;930;0;1050;6820;7870;0;0;0;1;0;0;0;0;0;1;0;1;0;0
568;2012-07-21;1;7;0;0;0.549912;0.2133;839;0;1264;3195;4459;0;0;0;0;0;0;1;0;0;1;0;0;0;1
295;2011-10-22;0;10;0;0;0.425492;0.0926666999999999;695;1;1499;2809;4308;0;0;0;0;0;0;1;0;0;0;1;1;0;0
324;2011-11-20;0;11;0;0;0.457058;0.18595;1032;1;787;2733;3520;1;0;0;0;0;0;0;0;0;0;1;0;1;0
460;2012-04-04;1;4;0;1;0.53345;0.180975;1010;1;1058;5378;6436;0;0;0;1;0;0;0;0;1;0;0;1;0;0
449;2012-03-24;1;3;0;0;0.4867329999999999;0.1927829999999999;618;0;1033;2339;3372;0;0;0;0;0;0;1;0;1;0;0;0;1;0
318;2011-11-14;0;11;0;1;0.524612;0.306596;608;0;595;3891;4486;0;1;0;0;0;0;0;0;0;0;1;1;0;0
331;2011-11-27;0;11;0;0;0.4558;0.208954;646;0;810;2261;3071;1;0;0;0;0;0;0;0;0;0;1;1;0;0
17;2011-01-17;0;1;1;0;0.176771;0.194017;650;0;117;883;1000;0;1;0;0;0;0;0;1;0;0;0;0;1;0
22;2011-01-22;0;1;0;0;0.0790696;0.17197;891;0;93;888;981;0;0;0;0;0;0;1;1;0;0;0;1;0;0
677;2012-11-07;1;11;0;1;0.274621;0.304108;654;0;326;4709;5035;0;0;0;1;0;0;0;0;0;0;1;0;1;0
380;2012-01-15;1;1;0;0;0.161625;0.251258;871;1;284;2027;2311;1;0;0;0;0;0;0;1;0;0;0;1;0;0
222;2011-08-10;0;8;0;1;0.684983;0.200258;709;0;884;3896;4780;0;0;0;1;0;0;0;0;0;1;0;1;0;0
39;2011-02-08;0;2;0;1;0.198246;0.36195;611;0;64;1466;1530;0;0;1;0;0;0;0;1;0;0;0;1;0;0
182;2011-07-01;0;7;0;1;0.652162;0.1026079999999999;795;0;1246;4116;5362;0;0;0;0;0;1;0;0;0;1;0;1;0;0
235;2011-08-23;0;8;0;1;0.606067;0.146763;982;0;1281;4614;5895;0;0;1;0;0;0;0;0;0;1;0;1;0;0
630;2012-09-21;1;9;0;1;0.571971;0.154229;902;0;1250;6917;8167;0;0;0;0;0;1;0;0;0;0;1;1;0;0
344;2011-12-10;0;12;0;0;0.266412;0.233221;657;0;502;2688;3190;0;0;0;0;0;0;1;0;0;0;1;1;0;0
516;2012-05-30;1;5;0;1;0.611129;0.134329;595;0;745;6110;6855;0;0;0;1;0;0;0;0;1;0;0;0;1;0
128;2011-05-08;0;5;0;0;0.518933;0.0746375;991;0;1401;2932;4333;1;0;0;0;0;0;0;0;1;0;0;1;0;0
326;2011-11-22;0;11;0;1;0.421696;0.118792;525;0;69;1538;1607;0;0;1;0;0;0;0;0;0;0;1;0;0;1
327;2011-11-23;0;11;0;1;0.430537;0.335825;587;0;112;2454;2566;0;0;0;1;0;0;0;0;0;0;1;0;1;0
286;2011-10-13;0;10;0;1;0.551804;0.141787;929;0;290;2623;2913;0;0;0;0;1;0;0;0;0;0;1;0;1;0
470;2012-04-14;1;4;0;0;0.487996;0.190917;748;1;2795;4665;7460;0;0;0;0;0;0;1;0;1;0;0;1;0;0
15;2011-01-15;0;1;0;0;0.248112;0.157963;991;0;222;1026;1248;0;0;0;0;0;0;1;1;0;0;0;0;1;0
25;2011-01-25;0;1;0;1;0.234526;0.129796;977;0;186;1799;1985;0;0;1;0;0;0;0;1;0;0;0;0;1;0
216;2011-08-04;0;8;0;1;0.664788;0.19715;939;1;799;3777;4576;0;0;0;0;1;0;0;0;0;1;0;0;1;0
660;2012-10-21;1;10;0;0;0.456429;0.166054;521;0;2132;4692;6824;1;0;0;0;0;0;0;0;0;0;1;1;0;0
513;2012-05-27;1;5;0;0;0.641425;0.215171;1005;0;3283;3308;6591;1;0;0;0;0;0;0;0;1;0;0;1;0;0
691;2012-11-21;1;11;0;1;0.364892;0.103246;666;0;615;4531;5146;0;0;0;1;0;0;0;0;0;0;1;1;0;0
614;2012-09-05;1;9;0;1;0.708983;0.187808;546;0;832;6280;7112;0;0;0;1;0;0;0;0;0;1;0;1;0;0
137;2011-05-17;0;5;0;1;0.538529;0.277354;537;0;678;3445;4123;0;0;1;0;0;0;0;0;1;0;0;0;1;0
136;2011-05-16;0;5;0;1;0.550512;0.126871;470;0;773;3185;3958;0;1;0;0;0;0;0;0;1;0;0;1;0;0
383;2012-01-18;1;1;0;1;0.275254;0.415429;553;0;109;3267;3376;0;0;0;1;0;0;0;1;0;0;0;1;0;0
697;2012-11-27;1;11;0;1;0.281558;0.237562;675;0;123;3836;3959;0;0;1;0;0;0;0;0;0;0;1;0;1;0
729;2012-12-29;1;12;0;0;0.2424;0.124383;783;0;159;1182;1341;0;0;0;0;0;0;1;1;0;0;0;0;1;0
301;2011-10-28;0;10;0;1;0.318812;0.229479;599;0;456;3291;3747;0;0;0;0;0;1;0;0;0;0;1;0;1;0
124;2011-05-04;0;5;0;1;0.40465;0.328996;569;0;255;2378;2633;0;0;0;1;0;0;0;0;1;0;0;0;1;0
148;2011-05-28;0;5;0;0;0.612379;0.230092;712;0;2001;2757;4758;0;0;0;0;0;0;1;0;1;0;0;1;0;0
306;2011-11-02;0;11;0;1;0.390133;0.0820916999999999;810;1;370;3816;4186;0;0;0;1;0;0;0;0;0;0;1;1;0;0
546;2012-06-29;1;6;0;1;0.786613;0.165417;600;0;829;4634;5463;0;0;0;0;0;1;0;0;0;1;0;1;0;0
23;2011-01-23;0;1;0;0;0.0988391;0.2466;932;1;150;836;986;1;0;0;0;0;0;0;1;0;0;0;1;0;0
675;2012-11-05;1;11;0;1;0.308075;0.236325;491;0;378;4881;5259;0;1;0;0;0;0;0;0;0;0;1;1;0;0
281;2011-10-08;0;10;0;0;0.513242;0.0454042;746;1;2235;3174;5409;0;0;0;0;0;0;1;0;0;0;1;1;0;0
633;2012-09-24;1;9;0;1;0.502513;0.142404;944;1;1001;6435;7436;0;1;0;0;0;0;0;0;0;0;1;1;0;0
45;2011-02-14;0;2;0;1;0.39835;0.417908;949;1;208;1705;1913;0;1;0;0;0;0;0;1;0;0;0;1;0;0
139;2011-05-19;0;5;0;1;0.510742;0.108213;878;0;735;3840;4575;0;0;0;0;1;0;0;0;1;0;0;0;1;0
77;2011-03-18;0;3;0;1;0.5270090000000001;0.231017;799;0;884;2355;3239;0;0;0;0;0;1;0;1;0;0;0;1;0;0
108;2011-04-18;0;4;0;1;0.503146;0.163567;637;0;669;2760;3429;0;1;0;0;0;0;0;0;1;0;0;1;0;0
204;2011-07-23;0;7;0;0;0.804287;0.131221;944;0;987;2298;3285;0;0;0;0;0;0;1;0;0;1;0;1;0;0
245;2011-09-02;0;9;0;1;0.604808;0.139929;908;0;875;3852;4727;0;0;0;0;0;1;0;0;0;1;0;0;1;0
411;2012-02-15;1;2;0;1;0.3516289999999999;0.1816;998;1;141;4028;4169;0;0;0;1;0;0;0;1;0;0;0;1;0;0
444;2012-03-19;1;3;0;1;0.532821;0.162317;773;0;982;5171;6153;0;1;0;0;0;0;0;1;0;0;0;1;0;0
369;2012-01-04;1;1;0;1;0.1193369999999999;0.1847;726;0;95;2273;2368;0;0;0;1;0;0;0;1;0;0;0;0;1;0
717;2012-12-17;1;12;0;1;0.4015;0.0982583;692;0;212;4373;4585;0;1;0;0;0;0;0;0;0;0;1;0;1;0
462;2012-04-06;1;4;0;1;0.390767;0.300388;603;0;1807;4653;6460;0;0;0;0;0;1;0;0;1;0;0;1;0;0
336;2011-12-02;0;12;0;1;0.331433;0.100754;492;0;268;3672;3940;0;0;0;0;0;1;0;0;0;0;1;1;0;0
78;2011-03-19;0;3;0;0;0.466525;0.368167;1022;1;1424;1693;3117;0;0;0;0;0;0;1;1;0;0;0;1;0;0
81;2011-03-22;0;3;0;1;0.440642;0.22575;551;0;460;2243;2703;0;0;1;0;0;0;0;0;1;0;0;1;0;0
377;2012-01-12;1;1;0;1;0.381938;0.180967;520;0;269;3828;4097;0;0;0;0;1;0;0;1;0;0;0;0;1;0
299;2011-10-26;0;10;0;1;0.472846;0.148642;605;0;404;3490;3894;0;0;0;1;0;0;0;0;0;0;1;0;1;0
497;2012-05-11;1;5;0;1;0.520833;0.2369369999999999;570;1;1319;5711;7030;0;0;0;0;0;1;0;0;1;0;0;1;0;0
