instant,one_hot_encoder_02__season_2,one_hot_encoder_02__season_3,one_hot_encoder_02__season_4,one_hot_encoder_02__weathersit_2,one_hot_encoder_02__weathersit_3,remainder__yr,remainder__holiday,remainder__temp,remainder__atemp,remainder__hum,remainder__windspeed,remainder__leaflets,remainder__price_reduction,weekend,weekday
154,1.0,0.0,0.0,0.0,0.0,0.0,0.0,24.8,0.587133,53.12505,0.253121,991.0,0.0,0.0,1.0
685,0.0,0.0,1.0,1.0,0.0,1.0,0.0,12.8667,0.324492,93.06255,0.1529869999999999,601.0,0.0,0.0,1.0
368,0.0,0.0,0.0,0.0,0.0,1.0,0.0,6.0,0.126275,66.1875,0.365671,549.0,0.0,0.0,1.0
472,1.0,0.0,0.0,0.0,0.0,1.0,1.0,26.5667,0.614925,84.25005,0.284829,740.0,0.0,0.0,1.0
442,0.0,0.0,0.0,1.0,0.0,1.0,0.0,20.5667,0.505046,113.37495,0.110704,773.0,1.0,1.0,0.0
257,0.0,1.0,0.0,0.0,0.0,0.0,0.0,26.9333,0.6269,104.56245,0.1673,761.0,0.0,0.0,1.0
413,0.0,0.0,0.0,0.0,0.0,1.0,0.0,13.7333,0.3516289999999999,94.01860752688175,0.205846,877.0,1.0,0.0,1.0
643,0.0,0.0,1.0,1.0,0.0,1.0,0.0,26.3,0.607975,108.43755,0.117546,479.0,0.0,0.0,1.0
274,0.0,0.0,1.0,1.0,0.0,0.0,0.0,16.4,0.412863,113.0625,0.292296,628.0,0.0,1.0,0.0
129,1.0,0.0,0.0,0.0,0.0,0.0,0.0,21.3,0.525246,88.3125,0.176,838.0,0.0,0.0,1.0
175,0.0,1.0,0.0,0.0,0.0,0.0,0.0,28.9667,0.656583,85.99995,0.222025,779.0,0.0,0.0,1.0
213,0.0,1.0,0.0,0.0,0.0,0.0,0.0,30.8667,0.703292,94.01860752688175,0.156717,533.0,0.0,0.0,1.0
533,1.0,0.0,0.0,0.0,0.0,1.0,0.0,25.2667,0.594708,75.62505,0.166667,932.0,0.0,1.0,0.0
590,0.0,1.0,0.0,0.0,0.0,1.0,0.0,28.0333,0.644579,79.56255,0.122512,513.0,0.0,1.0,0.0
221,0.0,1.0,0.0,0.0,0.0,0.0,0.0,31.0,0.724121,85.56255,0.151121,464.0,0.0,0.0,1.0
269,0.0,0.0,1.0,1.0,0.0,0.0,0.0,25.9667,0.589042,127.24995,0.1107,495.0,1.0,0.0,1.0
417,0.0,0.0,0.0,0.0,0.0,1.0,0.0,11.513,0.295113,89.1522,0.205717,587.0,0.0,0.0,1.0
30,0.0,0.0,0.0,0.0,0.0,0.0,0.0,8.6609,0.250322,108.3261,0.0739826,548.0,0.0,1.0,0.0
565,0.0,1.0,0.0,0.0,0.0,1.0,0.0,31.7333,0.745583,86.56245,0.137442,977.0,0.0,0.0,1.0
594,0.0,1.0,0.0,0.0,0.0,1.0,0.0,28.7667,0.654688,77.87505,0.141796,755.0,0.0,0.0,1.0
135,1.0,0.0,0.0,1.0,0.0,0.0,0.0,22.5,0.536,130.06245,0.152979,1024.0,0.0,1.0,0.0
425,0.0,0.0,0.0,1.0,0.0,1.0,0.0,13.7739,0.34847,120.71745,0.179117,629.0,0.0,0.0,1.0
227,0.0,1.0,0.0,0.0,0.0,0.0,0.0,26.6333,0.616167,106.81245,0.208954,815.0,0.0,0.0,1.0
502,1.0,0.0,0.0,0.0,0.0,1.0,0.0,25.4667,0.595975,104.68755,0.122512,588.0,0.0,0.0,1.0
524,1.0,0.0,0.0,0.0,0.0,1.0,0.0,24.1,0.569442,94.01860752688175,0.15735,537.0,0.0,0.0,1.0
188,0.0,1.0,0.0,0.0,0.0,0.0,0.0,30.0,0.686871,94.01860752688175,0.1592,723.0,0.0,0.0,1.0
9,0.0,0.0,0.0,0.0,0.0,0.0,0.0,5.5333,0.116175,65.12505,0.36195,836.0,0.0,1.0,0.0
378,0.0,0.0,0.0,0.0,0.0,1.0,0.0,10.9667,0.249362,76.125,0.378108,911.0,0.0,0.0,1.0
722,0.0,0.0,0.0,0.0,0.0,1.0,0.0,10.6333,0.236113,66.1875,0.407346,572.0,0.0,1.0,0.0
4,0.0,0.0,0.0,0.0,0.0,0.0,0.0,8.0,0.2121219999999999,88.56525,0.160296,734.0,0.0,0.0,1.0
557,0.0,1.0,0.0,1.0,0.0,1.0,0.0,28.8333,0.664796,100.125,0.1517369999999999,516.0,1.0,0.0,1.0
144,1.0,0.0,0.0,1.0,0.0,0.0,0.0,26.4,0.604813,111.12495,0.207092,829.0,0.0,0.0,1.0
481,1.0,0.0,0.0,0.0,0.0,1.0,0.0,19.0667,0.470317,64.18755,0.118792,636.0,0.0,0.0,1.0
578,0.0,1.0,0.0,0.0,0.0,1.0,0.0,28.5333,0.662896,105.62505,0.165425,864.0,0.0,0.0,1.0
564,0.0,1.0,0.0,0.0,0.0,1.0,0.0,32.7333,0.755683,75.87495,0.114429,809.0,0.0,0.0,1.0
683,0.0,0.0,1.0,1.0,0.0,1.0,0.0,13.7333,0.323225,99.43755,0.342046,542.0,0.0,0.0,1.0
699,0.0,0.0,1.0,0.0,0.0,1.0,0.0,11.2348,0.2984219999999999,83.3478,0.115522,509.0,0.0,0.0,1.0
637,0.0,0.0,1.0,1.0,0.0,1.0,0.0,24.7667,0.585863,103.5,0.164179,658.0,0.0,0.0,1.0
548,0.0,1.0,0.0,0.0,0.0,1.0,0.0,32.6333,0.750629,94.01860752688175,0.1685289999999999,860.0,1.0,1.0,0.0
261,0.0,1.0,0.0,0.0,0.0,0.0,0.0,20.3,0.490537,104.25,0.178483,750.0,1.0,1.0,0.0
626,0.0,1.0,0.0,1.0,0.0,1.0,0.0,23.2333,0.55305,110.18745,0.151742,848.0,0.0,0.0,1.0
681,0.0,0.0,1.0,0.0,0.0,1.0,0.0,16.8333,0.421713,98.87505,0.1275,783.0,0.0,1.0,0.0
397,0.0,0.0,0.0,0.0,0.0,1.0,0.0,18.7667,0.466538,76.18755,0.189067,787.0,0.0,0.0,1.0
8,0.0,0.0,0.0,1.0,0.0,0.0,0.0,6.6,0.162254,80.37495,0.266804,990.0,0.0,1.0,0.0
354,0.0,0.0,1.0,1.0,0.0,0.0,0.0,15.4333,0.396454,89.31255,0.0615708,867.0,1.0,0.0,1.0
304,0.0,0.0,1.0,0.0,0.0,0.0,0.0,13.6,0.356063,105.49995,0.10635,720.0,0.0,0.0,1.0
597,0.0,1.0,0.0,1.0,0.0,1.0,0.0,25.4333,0.603554,94.01860752688175,0.08645,540.0,0.0,1.0,0.0
464,1.0,0.0,0.0,0.0,0.0,1.0,0.0,20.0,0.492425,41.37495,0.232596,557.0,1.0,1.0,0.0
119,1.0,0.0,0.0,0.0,0.0,0.0,0.0,20.4,0.497463,68.56245,0.240063,911.0,1.0,0.0,1.0
132,1.0,0.0,0.0,0.0,0.0,0.0,0.0,21.4,0.523363,94.01860752688175,0.189667,983.0,0.0,0.0,1.0
562,0.0,1.0,0.0,0.0,0.0,1.0,0.0,29.8333,0.705196,107.68755,0.166667,690.0,1.0,1.0,0.0
441,0.0,0.0,0.0,1.0,0.0,1.0,0.0,17.4333,0.436229,126.31245,0.113192,585.0,0.0,0.0,1.0
608,0.0,1.0,0.0,0.0,0.0,1.0,0.0,28.2667,0.652779,88.56255,0.0771167,592.0,0.0,0.0,1.0
163,1.0,0.0,0.0,0.0,0.0,0.0,0.0,27.7,0.643325,112.18755,0.163567,495.0,0.0,1.0,0.0
44,0.0,0.0,0.0,0.0,0.0,0.0,0.0,12.6609,0.324113,68.60865,0.260883,686.0,1.0,1.0,0.0
367,0.0,0.0,0.0,0.0,0.0,1.0,1.0,10.9217,0.252304,57.1956,0.329665,989.0,0.0,0.0,1.0
529,1.0,0.0,0.0,1.0,0.0,1.0,0.0,26.1333,0.597875,124.99995,0.214546,777.0,0.0,0.0,1.0
669,0.0,0.0,1.0,1.0,0.0,1.0,0.0,12.7273,0.309909,123.81825,0.213009,846.0,0.0,0.0,1.0
321,0.0,0.0,1.0,1.0,0.0,0.0,0.0,13.6667,0.323221,86.37495,0.3053619999999999,532.0,0.0,0.0,1.0
232,0.0,1.0,0.0,0.0,0.0,0.0,0.0,27.9,0.648996,101.12505,0.104467,675.0,0.0,1.0,0.0
702,0.0,0.0,1.0,1.0,0.0,1.0,0.0,13.9,0.3592079999999999,123.49995,0.1243789999999999,702.0,0.0,1.0,0.0
303,0.0,0.0,1.0,0.0,0.0,0.0,0.0,12.7667,0.321329,93.5625,0.176617,787.0,0.0,1.0,0.0
514,1.0,0.0,0.0,0.0,0.0,1.0,1.0,28.5,0.6793,101.4375,0.196521,506.0,0.0,0.0,1.0
501,1.0,0.0,0.0,1.0,0.0,1.0,0.0,24.4667,0.576404,119.18745,0.147392,779.0,0.0,0.0,1.0
401,0.0,0.0,0.0,1.0,0.0,1.0,0.0,10.6333,0.264521,103.18755,0.175996,769.0,0.0,1.0,0.0
341,0.0,0.0,1.0,0.0,1.0,0.0,0.0,16.4,0.400246,94.01860752688175,0.266175,586.0,1.0,0.0,1.0
277,0.0,0.0,1.0,0.0,0.0,0.0,0.0,19.3667,0.472858,106.5,0.205854,819.0,0.0,0.0,1.0
408,0.0,0.0,0.0,0.0,0.0,1.0,0.0,5.1,0.101658,69.68745,0.4092119999999999,644.0,0.0,1.0,0.0
682,0.0,0.0,1.0,0.0,0.0,1.0,1.0,19.4,0.475383,111.25005,0.173517,793.0,0.0,0.0,1.0
206,0.0,1.0,0.0,0.0,0.0,0.0,0.0,29.7333,0.720958,113.56245,0.0908083,474.0,0.0,0.0,1.0
190,0.0,1.0,0.0,0.0,0.0,0.0,0.0,29.3333,0.664158,91.37505,0.1679119999999999,755.0,0.0,1.0,0.0
202,0.0,1.0,0.0,1.0,0.0,0.0,0.0,32.6,0.826371,103.6875,0.222021,788.0,0.0,0.0,1.0
620,0.0,1.0,0.0,0.0,0.0,1.0,0.0,23.1,0.554292,78.0,0.0920541999999999,469.0,0.0,0.0,1.0
100,1.0,0.0,0.0,1.0,0.0,0.0,0.0,17.0667,0.426737,128.625,0.146767,661.0,0.0,1.0,0.0
312,0.0,0.0,1.0,0.0,0.0,0.0,0.0,16.3333,0.412246,108.25005,0.0690375,686.0,0.0,0.0,1.0
554,0.0,1.0,0.0,0.0,0.0,1.0,0.0,34.4667,0.804913,73.81245,0.163554,834.0,0.0,1.0,0.0
208,0.0,1.0,0.0,0.0,0.0,0.0,0.0,31.0,0.690667,60.43755,0.183463,654.0,0.0,0.0,1.0
661,0.0,0.0,1.0,0.0,0.0,1.0,0.0,19.5,0.482942,85.24995,0.0814833,599.0,0.0,0.0,1.0
162,1.0,0.0,0.0,0.0,0.0,0.0,0.0,29.0,0.678038,98.18745,0.15485,841.0,0.0,1.0,0.0
316,0.0,0.0,1.0,0.0,0.0,0.0,0.0,14.2667,0.357942,82.93755,0.212062,598.0,0.0,1.0,0.0
353,0.0,0.0,1.0,0.0,0.0,0.0,0.0,11.0667,0.280933,95.625,0.172896,703.0,0.0,0.0,1.0
726,0.0,0.0,0.0,0.0,1.0,1.0,0.0,9.7333,0.220333,123.49995,0.316546,701.0,0.0,0.0,1.0
654,0.0,0.0,1.0,1.0,0.0,1.0,0.0,22.4667,0.53915,94.01860752688175,0.296037,598.0,0.0,0.0,1.0
599,0.0,1.0,0.0,0.0,0.0,1.0,0.0,25.9667,0.601025,101.0625,0.0727708,964.0,0.0,0.0,1.0
680,0.0,0.0,1.0,0.0,0.0,1.0,0.0,15.5667,0.393937,96.81255,0.0578458,901.0,0.0,1.0,0.0
447,1.0,0.0,0.0,0.0,0.0,1.0,0.0,22.1667,0.531567,124.6875,0.1175619999999999,750.0,0.0,0.0,1.0
339,0.0,0.0,1.0,1.0,0.0,0.0,0.0,15.4333,0.393925,124.06245,0.0622083,628.0,0.0,0.0,1.0
512,1.0,0.0,0.0,0.0,0.0,1.0,0.0,27.7,0.642696,109.875,0.198992,869.0,0.0,1.0,0.0
420,0.0,0.0,0.0,1.0,0.0,1.0,0.0,16.3,0.410971,110.625,0.237567,944.0,0.0,0.0,1.0
248,0.0,1.0,0.0,1.0,0.0,0.0,1.0,26.9333,0.625646,118.56255,0.212696,887.0,1.0,0.0,1.0
1,0.0,0.0,0.0,1.0,0.0,0.0,0.0,13.7667,0.363625,120.87495,0.160446,755.0,0.0,1.0,0.0
648,0.0,0.0,1.0,1.0,0.0,1.0,0.0,17.8667,0.438112,114.25005,0.1903,611.0,0.0,0.0,1.0
313,0.0,0.0,1.0,0.0,0.0,0.0,0.0,16.0,0.4090789999999999,113.74995,0.0621958,864.0,0.0,0.0,1.0
88,1.0,0.0,0.0,0.0,0.0,0.0,0.0,12.1,0.292908,47.12505,0.226996,829.0,0.0,0.0,1.0
83,1.0,0.0,0.0,1.0,0.0,0.0,0.0,11.4,0.270833,120.87495,0.2437869999999999,861.0,0.0,0.0,1.0
305,0.0,0.0,1.0,0.0,0.0,0.0,0.0,16.0333,0.397088,102.5625,0.135571,675.0,0.0,0.0,1.0
465,1.0,0.0,0.0,0.0,0.0,1.0,0.0,19.5667,0.476638,47.625,0.358196,585.0,1.0,0.0,1.0
488,1.0,0.0,0.0,0.0,0.0,1.0,0.0,22.5667,0.537896,119.56245,0.138058,813.0,0.0,0.0,1.0
615,0.0,1.0,0.0,1.0,0.0,1.0,0.0,27.8667,0.655329,121.56255,0.142421,598.0,1.0,0.0,1.0
712,0.0,0.0,1.0,1.0,0.0,1.0,0.0,11.9,0.297338,80.74995,0.162937,802.0,1.0,0.0,1.0
541,0.0,1.0,0.0,0.0,0.0,1.0,0.0,29.7333,0.674254,71.87505,0.145525,731.0,0.0,1.0,0.0
510,1.0,0.0,0.0,0.0,0.0,1.0,0.0,26.2,0.6067,107.50005,0.172896,706.0,0.0,0.0,1.0
157,1.0,0.0,0.0,0.0,0.0,0.0,0.0,27.1333,0.621858,90.0,0.121896,912.0,0.0,0.0,1.0
373,0.0,0.0,0.0,0.0,0.0,1.0,0.0,13.5,0.340258,69.75,0.191542,969.0,0.0,1.0,0.0
161,1.0,0.0,0.0,0.0,0.0,0.0,0.0,30.2,0.703292,90.75,0.1405539999999999,840.0,0.0,0.0,1.0
314,0.0,0.0,1.0,1.0,0.0,0.0,0.0,15.2,0.373721,121.99995,0.189067,684.0,1.0,0.0,1.0
179,0.0,1.0,0.0,0.0,0.0,0.0,0.0,29.7667,0.692558,95.12505,0.144283,997.0,0.0,0.0,1.0
716,0.0,0.0,1.0,1.0,0.0,1.0,0.0,14.5,0.369938,125.8125,0.100742,491.0,0.0,1.0,0.0
398,0.0,0.0,0.0,1.0,0.0,1.0,0.0,15.9667,0.398971,94.01860752688175,0.187187,547.0,0.0,0.0,1.0
229,0.0,1.0,0.0,0.0,0.0,0.0,0.0,28.9333,0.666671,86.31255,0.143667,905.0,0.0,0.0,1.0
439,0.0,0.0,0.0,0.0,0.0,1.0,0.0,22.9,0.548617,76.06245,0.1150619999999999,887.0,0.0,0.0,1.0
103,1.0,0.0,0.0,1.0,0.0,0.0,0.0,16.5,0.417283,122.87505,0.250617,694.0,1.0,0.0,1.0
545,0.0,1.0,0.0,0.0,0.0,1.0,0.0,29.9667,0.675512,63.375,0.17165,772.0,0.0,0.0,1.0
596,0.0,1.0,0.0,0.0,0.0,1.0,0.0,27.1333,0.618071,90.49995,0.177867,507.0,0.0,1.0,0.0
315,0.0,0.0,1.0,0.0,0.0,0.0,1.0,12.9667,0.306817,66.9375,0.314675,617.0,0.0,0.0,1.0
694,0.0,0.0,1.0,0.0,0.0,1.0,0.0,11.1333,0.248742,94.01860752688175,0.376871,496.0,0.0,1.0,0.0
540,0.0,1.0,0.0,0.0,0.0,1.0,0.0,29.2667,0.652792,80.18745,0.179721,978.0,1.0,1.0,0.0
490,1.0,0.0,0.0,0.0,0.0,1.0,0.0,25.1,0.590917,110.31255,0.162938,476.0,0.0,0.0,1.0
588,0.0,1.0,0.0,1.0,0.0,1.0,0.0,28.6333,0.667942,107.37495,0.238813,733.0,0.0,0.0,1.0
656,0.0,0.0,1.0,0.0,0.0,1.0,0.0,18.2333,0.450108,94.01860752688175,0.101371,492.0,1.0,0.0,1.0
92,1.0,0.0,0.0,1.0,0.0,0.0,0.0,12.6,0.315637,98.0625,0.197146,672.0,0.0,1.0,0.0
359,0.0,0.0,0.0,0.0,0.0,0.0,0.0,10.9913,0.279961,102.1956,0.155091,989.0,0.0,1.0,0.0
496,1.0,0.0,0.0,0.0,0.0,1.0,0.0,20.2333,0.4917829999999999,82.81245,0.314063,550.0,0.0,0.0,1.0
362,0.0,0.0,0.0,0.0,0.0,0.0,0.0,11.9652,0.279974,75.58695,0.293961,840.0,0.0,0.0,1.0
254,0.0,1.0,0.0,0.0,0.0,0.0,0.0,26.1333,0.609229,107.0625,0.1150539999999999,1005.0,0.0,1.0,0.0
421,0.0,0.0,0.0,0.0,0.0,1.0,0.0,11.6333,0.255675,59.37495,0.421642,669.0,0.0,1.0,0.0
296,0.0,0.0,1.0,0.0,0.0,0.0,0.0,16.8667,0.422333,111.1875,0.0995125,607.0,0.0,1.0,0.0
639,0.0,0.0,1.0,0.0,0.0,1.0,0.0,21.0667,0.517663,87.49995,0.134958,952.0,0.0,1.0,0.0
146,1.0,0.0,0.0,0.0,0.0,0.0,0.0,28.3333,0.654688,101.625,0.199642,720.0,0.0,0.0,1.0
619,0.0,1.0,0.0,0.0,0.0,1.0,0.0,23.3333,0.565654,75.5625,0.258713,748.0,0.0,0.0,1.0
252,0.0,1.0,0.0,1.0,0.0,0.0,0.0,26.0,0.578946,134.68755,0.1243789999999999,1002.0,0.0,0.0,1.0
241,0.0,1.0,0.0,0.0,0.0,0.0,0.0,25.4667,0.607958,83.18745,0.159825,587.0,0.0,0.0,1.0
357,0.0,0.0,0.0,0.0,0.0,0.0,0.0,14.9333,0.377513,102.9375,0.274246,762.0,0.0,0.0,1.0
185,0.0,1.0,0.0,1.0,0.0,0.0,1.0,29.0667,0.665417,95.68755,0.0814791999999999,749.0,0.0,0.0,1.0
361,0.0,0.0,0.0,1.0,0.0,0.0,0.0,13.0,0.327633,114.375,0.18845,517.0,0.0,0.0,1.0
471,1.0,0.0,0.0,0.0,0.0,1.0,0.0,24.2667,0.573875,76.18755,0.225129,554.0,0.0,1.0,0.0
65,0.0,0.0,0.0,1.0,0.0,0.0,0.0,15.0609,0.366252,142.23915,0.343287,667.0,0.0,1.0,0.0
698,0.0,0.0,1.0,0.0,0.0,1.0,0.0,11.8667,0.2897619999999999,75.9375,0.210821,935.0,1.0,0.0,1.0
189,0.0,1.0,0.0,1.0,0.0,0.0,0.0,28.3667,0.6704829999999999,113.68755,0.225129,1015.0,0.0,0.0,1.0
641,0.0,0.0,1.0,0.0,1.0,1.0,0.0,23.6333,0.542333,130.75005,0.104475,499.0,0.0,0.0,1.0
255,0.0,1.0,0.0,0.0,0.0,0.0,0.0,25.7739,0.60213,103.8261,0.088913,532.0,0.0,0.0,1.0
473,1.0,0.0,0.0,0.0,0.0,1.0,0.0,24.3333,0.598487,58.56255,0.273629,633.0,0.0,0.0,1.0
509,1.0,0.0,0.0,1.0,0.0,1.0,0.0,24.8667,0.584612,116.18745,0.102,873.0,0.0,0.0,1.0
67,0.0,0.0,0.0,0.0,0.0,0.0,0.0,11.7,0.3024,63.12495,0.12065,924.0,0.0,0.0,1.0
240,0.0,1.0,0.0,0.0,0.0,0.0,0.0,28.2824,0.6479590000000001,84.26475,0.304659,615.0,0.0,1.0,0.0
71,0.0,0.0,0.0,0.0,0.0,0.0,0.0,13.1667,0.32575,89.18745,0.220775,580.0,0.0,1.0,0.0
485,1.0,0.0,0.0,0.0,0.0,1.0,0.0,18.3333,0.450121,88.06245,0.116908,869.0,0.0,1.0,0.0
652,0.0,0.0,1.0,0.0,0.0,1.0,0.0,15.7333,0.391396,74.18745,0.146142,632.0,0.0,1.0,0.0
721,0.0,0.0,0.0,1.0,0.0,1.0,0.0,13.0667,0.301767,83.50005,0.3743829999999999,881.0,0.0,0.0,1.0
242,0.0,1.0,0.0,0.0,0.0,0.0,0.0,25.5667,0.594704,82.24995,0.1250079999999999,576.0,1.0,0.0,1.0
234,0.0,1.0,0.0,0.0,0.0,0.0,0.0,27.6667,0.638254,70.5,0.27675,990.0,0.0,0.0,1.0
66,0.0,0.0,0.0,0.0,0.0,0.0,0.0,10.4696,0.238461,82.6956,0.341352,981.0,1.0,0.0,1.0
725,0.0,0.0,0.0,1.0,0.0,1.0,1.0,11.6522,0.294465,94.01860752688175,0.168726,699.0,0.0,0.0,1.0
102,1.0,0.0,0.0,1.0,0.0,0.0,0.0,20.1,0.493054,110.87505,0.274879,813.0,0.0,0.0,1.0
13,0.0,0.0,0.0,0.0,0.0,0.0,0.0,6.6,0.150883,70.56255,0.301,572.0,1.0,0.0,1.0
399,0.0,0.0,0.0,0.0,0.0,1.0,0.0,12.5333,0.309346,79.00005,0.178496,860.0,0.0,0.0,1.0
342,0.0,0.0,1.0,0.0,0.0,0.0,0.0,10.6333,0.256938,87.0,0.240058,573.0,0.0,0.0,1.0
713,0.0,0.0,1.0,0.0,0.0,1.0,0.0,11.8333,0.294188,72.87495,0.174129,676.0,0.0,0.0,1.0
253,0.0,1.0,0.0,0.0,0.0,0.0,0.0,26.4,0.607962,113.0625,0.153608,560.0,0.0,1.0,0.0
184,0.0,1.0,0.0,1.0,0.0,0.0,0.0,28.6667,0.668575,102.375,0.228858,722.0,0.0,1.0,0.0
214,0.0,1.0,0.0,0.0,0.0,0.0,0.0,31.3333,0.707071,73.6875,0.20585,617.0,0.0,0.0,1.0
272,0.0,0.0,1.0,0.0,0.0,0.0,0.0,24.6667,0.574512,104.87505,0.1728829999999999,920.0,0.0,0.0,1.0
582,0.0,1.0,0.0,0.0,0.0,1.0,0.0,31.7333,0.751267,91.99995,0.257458,606.0,0.0,1.0,0.0
267,0.0,0.0,1.0,1.0,0.0,0.0,0.0,24.2667,0.564412,129.375,0.0783833,968.0,0.0,1.0,0.0
433,0.0,0.0,0.0,0.0,0.0,1.0,0.0,21.1,0.524604,85.125,0.441563,870.0,0.0,0.0,1.0
358,0.0,0.0,0.0,0.0,0.0,0.0,0.0,12.1,0.299242,81.375,0.190304,803.0,0.0,1.0,0.0
97,1.0,0.0,0.0,0.0,0.0,0.0,0.0,17.5,0.433696,90.43755,0.1623119999999999,929.0,0.0,0.0,1.0
363,0.0,0.0,0.0,0.0,0.0,0.0,0.0,9.9333,0.263892,86.12505,0.1194119999999999,728.0,0.0,0.0,1.0
31,0.0,0.0,0.0,1.0,0.0,0.0,0.0,7.2333,0.18625,90.5625,0.187192,901.0,0.0,0.0,1.0
117,1.0,0.0,0.0,1.0,0.0,0.0,0.0,24.8,0.575142,125.31255,0.3122,849.0,1.0,0.0,1.0
332,0.0,0.0,1.0,0.0,0.0,0.0,0.0,20.1391,0.490122,111.45645,0.142122,637.0,0.0,0.0,1.0
424,0.0,0.0,0.0,0.0,0.0,1.0,0.0,14.3667,0.353525,59.37495,0.193417,595.0,0.0,0.0,1.0
489,1.0,0.0,0.0,1.0,0.0,1.0,0.0,22.4,0.537242,115.24995,0.133696,908.0,1.0,0.0,1.0
428,0.0,0.0,0.0,1.0,0.0,1.0,0.0,16.5667,0.413492,93.1875,0.161079,642.0,0.0,1.0,0.0
406,0.0,0.0,0.0,1.0,0.0,1.0,0.0,11.2333,0.293558,81.0,0.1169289999999999,764.0,0.0,0.0,1.0
193,0.0,1.0,0.0,0.0,0.0,0.0,0.0,31.7667,0.739275,83.87505,0.200254,670.0,0.0,0.0,1.0
415,0.0,0.0,0.0,1.0,0.0,1.0,0.0,11.2,0.265788,77.37495,0.253112,838.0,0.0,1.0,0.0
508,1.0,0.0,0.0,1.0,0.0,1.0,0.0,24.6,0.580825,114.87495,0.118167,576.0,0.0,0.0,1.0
385,0.0,0.0,0.0,1.0,0.0,1.0,0.0,8.7,0.220958,67.5,0.20275,584.0,0.0,0.0,1.0
498,1.0,0.0,0.0,0.0,0.0,1.0,0.0,22.5667,0.544817,72.06255,0.1231329999999999,813.0,0.0,1.0,0.0
372,0.0,0.0,0.0,0.0,0.0,1.0,0.0,15.7333,0.390779,79.75005,0.174758,827.0,0.0,1.0,0.0
503,1.0,0.0,0.0,0.0,0.0,1.0,0.0,23.7333,0.572613,78.0,0.229475,882.0,0.0,0.0,1.0
477,1.0,0.0,0.0,0.0,0.0,1.0,0.0,22.8,0.542921,102.43755,0.283587,524.0,0.0,1.0,0.0
20,0.0,0.0,0.0,1.0,0.0,0.0,0.0,10.4667,0.25505,94.01860752688175,0.195904,992.0,0.0,0.0,1.0
440,0.0,0.0,0.0,0.0,0.0,1.0,0.0,22.3,0.532825,86.93745,0.149883,624.0,0.0,0.0,1.0
55,0.0,0.0,0.0,1.0,0.0,0.0,0.0,11.8261,0.289191,104.60865,0.250496,759.0,0.0,0.0,1.0
587,0.0,1.0,0.0,0.0,0.0,1.0,0.0,30.2333,0.699508,93.06255,0.1561,1006.0,1.0,0.0,1.0
70,0.0,0.0,0.0,1.0,0.0,0.0,0.0,12.6609,0.305,97.43475,0.2329699999999999,487.0,1.0,0.0,1.0
550,0.0,1.0,0.0,0.0,0.0,1.0,0.0,31.2333,0.70265,73.81245,0.126237,790.0,0.0,0.0,1.0
110,1.0,0.0,0.0,0.0,0.0,0.0,0.0,23.8,0.564392,92.12505,0.241925,750.0,1.0,0.0,1.0
243,0.0,1.0,0.0,0.0,0.0,0.0,0.0,26.2667,0.611121,89.68755,0.0833333,628.0,0.0,0.0,1.0
469,1.0,0.0,0.0,0.0,0.0,1.0,0.0,17.7,0.4318079999999999,61.24995,0.155471,965.0,0.0,0.0,1.0
59,0.0,0.0,0.0,1.0,0.0,0.0,0.0,16.2909,0.400118,94.01860752688175,0.289686,471.0,1.0,0.0,1.0
151,1.0,0.0,0.0,0.0,0.0,0.0,0.0,31.0,0.725383,95.50005,0.111329,843.0,0.0,0.0,1.0
32,0.0,0.0,0.0,1.0,0.0,0.0,0.0,7.687,0.23453,124.43475,0.0532129999999999,914.0,0.0,0.0,1.0
169,1.0,0.0,0.0,0.0,0.0,0.0,0.0,27.8667,0.643954,100.56255,0.1194079999999999,617.0,0.0,1.0,0.0
517,1.0,0.0,0.0,0.0,0.0,1.0,0.0,27.2,0.631329,73.93755,0.195279,986.0,0.0,0.0,1.0
696,0.0,0.0,1.0,0.0,0.0,1.0,0.0,12.5333,0.3390039999999999,80.31255,0.04665,1025.0,0.0,0.0,1.0
690,0.0,0.0,1.0,1.0,0.0,1.0,0.0,14.9667,0.380667,102.75,0.082725,796.0,0.0,0.0,1.0
455,1.0,0.0,0.0,1.0,0.0,1.0,0.0,14.8,0.375621,87.12495,0.138067,1016.0,0.0,0.0,1.0
506,1.0,0.0,0.0,0.0,0.0,1.0,0.0,24.8333,0.583967,79.56255,0.254367,783.0,0.0,1.0,0.0
91,1.0,0.0,0.0,1.0,0.0,0.0,0.0,12.0,0.283454,102.9375,0.258708,699.0,1.0,0.0,1.0
260,0.0,1.0,0.0,1.0,0.0,0.0,0.0,19.6667,0.478512,107.74995,0.189675,939.0,1.0,1.0,0.0
317,0.0,0.0,1.0,0.0,0.0,0.0,0.0,17.6333,0.43055,68.74995,0.281721,829.0,0.0,1.0,0.0
145,1.0,0.0,0.0,0.0,0.0,0.0,0.0,26.4333,0.615542,104.4375,0.1542329999999999,702.0,0.0,0.0,1.0
695,0.0,0.0,1.0,0.0,0.0,1.0,0.0,9.8333,0.257583,70.24995,0.1505,728.0,0.0,1.0,0.0
595,0.0,1.0,0.0,0.0,0.0,1.0,0.0,28.9333,0.2424,85.62495,0.231354,887.0,0.0,0.0,1.0
519,1.0,0.0,0.0,0.0,0.0,1.0,0.0,23.3333,0.566288,82.37505,0.1865619999999999,743.0,0.0,1.0,0.0
427,0.0,0.0,0.0,1.0,0.0,1.0,0.0,14.1333,0.359842,98.56245,0.144904,867.0,0.0,0.0,1.0
515,1.0,0.0,0.0,0.0,0.0,1.0,0.0,28.9,0.672992,102.68745,0.2954,598.0,1.0,0.0,1.0
670,0.0,0.0,1.0,1.0,0.0,1.0,0.0,14.3,0.3611,100.00005,0.166667,747.0,0.0,0.0,1.0
284,0.0,0.0,1.0,1.0,0.0,0.0,0.0,22.6667,0.546096,121.3125,0.143042,800.0,0.0,0.0,1.0
3,0.0,0.0,0.0,0.0,0.0,0.0,0.0,7.8546,0.189405,65.59095,0.248309,829.0,0.0,0.0,1.0
49,0.0,0.0,0.0,0.0,0.0,0.0,0.0,20.8667,0.511983,77.50005,0.264925,681.0,0.0,0.0,1.0
673,0.0,0.0,1.0,1.0,0.0,1.0,0.0,13.7333,0.323846,73.6875,0.270529,827.0,0.0,1.0,0.0
323,0.0,0.0,1.0,0.0,0.0,0.0,0.0,13.1667,0.3244829999999999,75.31245,0.224496,1003.0,0.0,1.0,0.0
676,0.0,0.0,1.0,0.0,0.0,1.0,0.0,11.2333,0.281567,85.06245,0.173513,677.0,0.0,0.0,1.0
142,1.0,0.0,0.0,0.0,0.0,0.0,0.0,24.1667,0.5745,112.43745,0.148008,703.0,0.0,1.0,0.0
211,0.0,1.0,0.0,0.0,0.0,0.0,0.0,32.1667,0.728537,69.87495,0.168537,637.0,0.0,1.0,0.0
437,0.0,0.0,0.0,0.0,0.0,1.0,0.0,18.6667,0.459592,73.37505,0.207713,497.0,0.0,0.0,1.0
12,0.0,0.0,0.0,0.0,0.0,0.0,0.0,6.9091,0.160473,89.93175,0.304627,889.0,0.0,0.0,1.0
598,0.0,1.0,0.0,1.0,0.0,1.0,0.0,25.4333,0.595967,110.12505,0.1299789999999999,611.0,0.0,0.0,1.0
343,0.0,0.0,1.0,0.0,0.0,0.0,0.0,11.6333,0.317542,104.37495,0.0827166999999999,875.0,0.0,0.0,1.0
526,1.0,0.0,0.0,0.0,0.0,1.0,0.0,28.4333,0.648367,65.56245,0.144287,593.0,0.0,1.0,0.0
251,0.0,1.0,0.0,0.0,1.0,0.0,0.0,25.3565,0.555361,140.93475,0.192748,684.0,1.0,0.0,1.0
435,0.0,0.0,0.0,0.0,0.0,1.0,0.0,11.5,0.277767,52.56255,0.22575,994.0,1.0,1.0,0.0
593,0.0,1.0,0.0,0.0,0.0,1.0,0.0,28.2667,0.654037,92.93745,0.169771,501.0,0.0,0.0,1.0
394,0.0,0.0,0.0,0.0,0.0,1.0,0.0,11.3,0.272721,46.6875,0.24005,836.0,0.0,1.0,0.0
228,0.0,1.0,0.0,0.0,0.0,0.0,0.0,28.0333,0.645837,86.74995,0.2363289999999999,1019.0,0.0,0.0,1.0
708,0.0,0.0,1.0,1.0,0.0,1.0,0.0,15.2667,0.3895079999999999,136.6875,0.101379,620.0,0.0,1.0,0.0
42,0.0,0.0,0.0,0.0,0.0,0.0,0.0,7.5636,0.213509,75.9546,0.10855,946.0,0.0,0.0,1.0
412,0.0,0.0,0.0,1.0,0.0,1.0,0.0,12.6667,0.330162,112.93755,0.091425,632.0,0.0,0.0,1.0
360,0.0,0.0,0.0,0.0,0.0,0.0,1.0,12.8696,0.315535,76.04355,0.239465,465.0,0.0,0.0,1.0
551,0.0,1.0,0.0,0.0,0.0,1.0,1.0,31.5667,0.732337,80.8125,0.13495,702.0,0.0,0.0,1.0
390,0.0,0.0,0.0,0.0,0.0,1.0,0.0,11.7667,0.294821,96.5625,0.161071,465.0,0.0,0.0,1.0
650,0.0,0.0,1.0,0.0,0.0,1.0,0.0,17.4,0.431167,69.49995,0.181596,725.0,0.0,0.0,1.0
566,0.0,1.0,0.0,0.0,0.0,1.0,0.0,30.8,0.714642,90.06255,0.165429,602.0,0.0,0.0,1.0
574,0.0,1.0,0.0,0.0,0.0,1.0,0.0,31.2667,0.734217,89.18745,0.152992,948.0,0.0,0.0,1.0
266,0.0,0.0,1.0,1.0,0.0,0.0,0.0,24.3667,0.522125,145.875,0.0783667,612.0,0.0,0.0,1.0
627,0.0,1.0,0.0,1.0,0.0,1.0,0.0,24.9333,0.565067,130.875,0.357587,795.0,0.0,0.0,1.0
109,1.0,0.0,0.0,1.0,0.0,0.0,0.0,20.2333,0.4892579999999999,99.87495,0.157971,707.0,0.0,0.0,1.0
612,0.0,1.0,0.0,0.0,0.0,1.0,1.0,28.3,0.661629,118.62495,0.151121,469.0,0.0,0.0,1.0
63,0.0,0.0,0.0,1.0,0.0,0.0,0.0,10.4667,0.255679,91.56255,0.203346,932.0,1.0,0.0,1.0
542,0.0,1.0,0.0,0.0,0.0,1.0,0.0,28.6333,0.654042,75.62505,0.300383,932.0,1.0,0.0,1.0
636,0.0,0.0,1.0,1.0,0.0,1.0,0.0,26.0,0.607975,103.62495,0.134342,472.0,0.0,0.0,1.0
167,1.0,0.0,0.0,1.0,0.0,0.0,0.0,25.1333,0.595346,103.24995,0.206471,462.0,0.0,0.0,1.0
259,0.0,1.0,0.0,1.0,0.0,0.0,0.0,18.7667,0.461475,88.56255,0.164183,467.0,0.0,0.0,1.0
87,1.0,0.0,0.0,0.0,0.0,0.0,0.0,10.5739,0.2575739999999999,45.3261,0.212204,870.0,0.0,0.0,1.0
603,0.0,1.0,0.0,1.0,0.0,1.0,0.0,26.4667,0.618696,106.93755,0.244408,477.0,0.0,1.0,0.0
701,0.0,0.0,1.0,1.0,0.0,1.0,0.0,11.9333,0.316904,121.00005,0.0597041999999999,602.0,0.0,1.0,0.0
337,0.0,0.0,1.0,0.0,0.0,0.0,0.0,11.9667,0.310604,91.93755,0.0957833,473.0,0.0,1.0,0.0
40,0.0,0.0,0.0,1.0,0.0,0.0,0.0,5.3913,0.144283,74.21745,0.188839,474.0,0.0,0.0,1.0
518,1.0,0.0,0.0,1.0,0.0,1.0,0.0,26.1667,0.607962,113.31255,0.237563,853.0,1.0,0.0,1.0
478,1.0,0.0,0.0,0.0,1.0,1.0,0.0,15.8667,0.389504,125.31255,0.344546,603.0,0.0,1.0,0.0
396,0.0,0.0,0.0,0.0,0.0,1.0,0.0,15.6,0.381317,62.50005,0.261817,963.0,0.0,0.0,1.0
195,0.0,1.0,0.0,0.0,0.0,0.0,0.0,27.2333,0.635104,71.4375,0.240667,711.0,1.0,0.0,1.0
268,0.0,0.0,1.0,1.0,0.0,0.0,0.0,25.3667,0.572637,126.75,0.0503792,1030.0,0.0,1.0,0.0
491,1.0,0.0,0.0,1.0,0.0,1.0,0.0,24.8667,0.584608,113.50005,0.152992,1007.0,0.0,1.0,0.0
278,0.0,0.0,1.0,0.0,0.0,0.0,0.0,21.5333,0.527138,97.18755,0.17725,935.0,0.0,0.0,1.0
724,0.0,0.0,0.0,1.0,0.0,1.0,0.0,9.2522,0.2589,94.01860752688175,0.0772303999999999,1030.0,1.0,0.0,1.0
186,0.0,1.0,0.0,0.0,0.0,0.0,0.0,29.8667,0.696338,88.56255,0.1262579999999999,874.0,0.0,0.0,1.0
604,0.0,1.0,0.0,1.0,0.0,1.0,0.0,26.1333,0.595996,126.87495,0.228858,644.0,0.0,1.0,0.0
476,1.0,0.0,0.0,0.0,0.0,1.0,0.0,21.0667,0.515775,104.18745,0.149871,507.0,0.0,0.0,1.0
572,0.0,1.0,0.0,0.0,0.0,1.0,0.0,28.9667,0.654054,67.5,0.1648,789.0,1.0,0.0,1.0
231,0.0,1.0,0.0,1.0,0.0,0.0,0.0,27.4,0.633221,108.43755,0.139308,687.0,0.0,0.0,1.0
280,0.0,0.0,1.0,0.0,0.0,0.0,0.0,20.4333,0.504404,102.62505,0.0223917,991.0,0.0,0.0,1.0
723,0.0,0.0,0.0,0.0,0.0,1.0,0.0,9.8333,0.259471,77.31255,0.1330829999999999,490.0,0.0,1.0,0.0
95,1.0,0.0,0.0,1.0,0.0,0.0,0.0,16.5667,0.39835,96.31245,0.388067,626.0,0.0,0.0,1.0
56,0.0,0.0,0.0,1.0,0.0,0.0,0.0,14.5739,0.350461,94.01860752688175,0.346539,493.0,0.0,0.0,1.0
632,0.0,0.0,1.0,0.0,0.0,1.0,0.0,21.1667,0.518933,70.06245,0.2232579999999999,888.0,0.0,1.0,0.0
371,0.0,0.0,0.0,0.0,0.0,1.0,0.0,13.3667,0.340267,81.31245,0.167908,559.0,0.0,0.0,1.0
170,1.0,0.0,0.0,1.0,0.0,0.0,0.0,27.9667,0.645846,100.00005,0.102,1019.0,0.0,1.0,0.0
218,0.0,1.0,0.0,1.0,0.0,0.0,0.0,28.6667,0.676154,94.01860752688175,0.22825,711.0,0.0,1.0,0.0
492,1.0,0.0,0.0,1.0,0.0,1.0,0.0,22.5,0.546737,111.0,0.1498789999999999,527.0,0.0,1.0,0.0
672,0.0,0.0,1.0,0.0,0.0,1.0,0.0,14.2,0.356042,78.31245,0.266175,578.0,0.0,0.0,1.0
168,1.0,0.0,0.0,0.0,0.0,0.0,0.0,25.9667,0.600383,110.37495,0.143029,659.0,1.0,0.0,1.0
389,0.0,0.0,0.0,0.0,0.0,1.0,0.0,13.7,0.349108,94.01860752688175,0.123767,866.0,0.0,0.0,1.0
322,0.0,0.0,1.0,0.0,0.0,0.0,0.0,10.9667,0.272721,61.5,0.168533,673.0,0.0,0.0,1.0
333,0.0,0.0,1.0,1.0,0.0,0.0,0.0,18.3333,0.451375,124.62495,0.258092,767.0,0.0,0.0,1.0
126,1.0,0.0,0.0,0.0,0.0,0.0,0.0,19.1667,0.474117,94.01860752688175,0.228246,695.0,0.0,0.0,1.0
504,1.0,0.0,0.0,0.0,0.0,1.0,0.0,22.5667,0.551121,78.49995,0.136817,550.0,0.0,0.0,1.0
101,1.0,0.0,0.0,1.0,0.0,0.0,0.0,23.8261,0.565217,107.5434,0.324474,799.0,0.0,0.0,1.0
456,1.0,0.0,0.0,1.0,0.0,1.0,0.0,16.9667,0.4217079999999999,110.74995,0.250617,538.0,0.0,1.0,0.0
576,0.0,1.0,0.0,0.0,0.0,1.0,0.0,28.8667,0.667933,93.5625,0.170396,523.0,0.0,1.0,0.0
355,0.0,0.0,0.0,1.0,0.0,0.0,0.0,17.1333,0.428017,128.74995,0.2214,942.0,0.0,0.0,1.0
171,1.0,0.0,0.0,1.0,0.0,0.0,0.0,25.4,0.595346,111.9375,0.155475,1018.0,0.0,0.0,1.0
60,0.0,0.0,0.0,0.0,0.0,0.0,0.0,10.6667,0.263879,80.25,0.216425,971.0,0.0,0.0,1.0
158,1.0,0.0,0.0,0.0,0.0,0.0,0.0,28.3,0.65595,89.68755,0.187808,464.0,1.0,0.0,1.0
308,0.0,0.0,1.0,1.0,0.0,0.0,0.0,16.1333,0.403392,93.375,0.271779,769.0,0.0,0.0,1.0
302,0.0,0.0,1.0,0.0,1.0,0.0,0.0,10.1667,0.227913,132.375,0.351371,936.0,0.0,1.0,0.0
731,0.0,0.0,0.0,1.0,0.0,1.0,0.0,8.6333,0.223487,86.625,0.154846,585.0,0.0,0.0,1.0
432,0.0,0.0,0.0,0.0,0.0,1.0,0.0,16.1667,0.3851,76.99995,0.345779,490.0,0.0,0.0,1.0
178,0.0,1.0,0.0,1.0,0.0,0.0,0.0,27.3,0.637004,98.74995,0.107588,819.0,0.0,0.0,1.0
212,0.0,1.0,0.0,0.0,0.0,0.0,0.0,32.2333,0.729796,72.12495,0.164813,724.0,0.0,1.0,0.0
553,0.0,1.0,0.0,0.0,0.0,1.0,0.0,33.1333,0.752533,67.62495,0.146142,797.0,0.0,0.0,1.0
84,1.0,0.0,0.0,0.0,0.0,0.0,0.0,10.5667,0.256312,74.25,0.230725,776.0,0.0,0.0,1.0
728,0.0,0.0,0.0,1.0,0.0,1.0,0.0,10.1333,0.255046,88.5,0.155471,562.0,0.0,0.0,1.0
172,0.0,1.0,0.0,1.0,0.0,0.0,0.0,27.2333,0.637646,115.56255,0.171025,474.0,0.0,0.0,1.0
618,0.0,1.0,0.0,0.0,0.0,1.0,0.0,24.4,0.578925,82.125,0.224496,494.0,0.0,1.0,0.0
223,0.0,1.0,0.0,0.0,0.0,0.0,0.0,28.7,0.651521,63.5625,0.164796,980.0,0.0,0.0,1.0
2,0.0,0.0,0.0,1.0,0.0,0.0,0.0,14.5391,0.3537389999999999,104.41305,0.2485389999999999,837.0,1.0,1.0,0.0
688,0.0,0.0,1.0,0.0,0.0,1.0,0.0,13.7,0.337746,103.93755,0.2276119999999999,899.0,0.0,1.0,0.0
51,0.0,0.0,0.0,0.0,0.0,0.0,0.0,11.4087,0.27733,61.1739,0.223235,628.0,0.0,1.0,0.0
147,1.0,0.0,0.0,0.0,0.0,0.0,0.0,27.2667,0.637008,98.0625,0.240679,789.0,0.0,0.0,1.0
247,0.0,1.0,0.0,0.0,0.0,0.0,0.0,28.3667,0.665429,111.31245,0.206467,606.0,0.0,1.0,0.0
570,0.0,1.0,0.0,0.0,0.0,1.0,0.0,29.6667,0.690017,104.12505,0.138683,603.0,0.0,0.0,1.0
10,0.0,0.0,0.0,0.0,0.0,0.0,0.0,6.0333,0.150888,72.43755,0.223267,897.0,0.0,0.0,1.0
217,0.0,1.0,0.0,0.0,0.0,0.0,0.0,28.4333,0.656567,94.62495,0.184696,747.0,0.0,0.0,1.0
684,0.0,0.0,1.0,0.0,0.0,1.0,0.0,11.5667,0.281563,82.81245,0.199625,478.0,0.0,0.0,1.0
75,0.0,0.0,0.0,1.0,0.0,0.0,0.0,14.6087,0.36693,116.4783,0.203117,837.0,0.0,0.0,1.0
610,0.0,1.0,0.0,1.0,0.0,1.0,0.0,30.1333,0.702654,95.74995,0.113187,823.0,0.0,1.0,0.0
544,0.0,1.0,0.0,0.0,0.0,1.0,0.0,27.9,0.640792,54.0,0.271775,897.0,0.0,0.0,1.0
495,1.0,0.0,0.0,1.0,0.0,1.0,0.0,23.0,0.553025,111.62505,0.216412,571.0,0.0,0.0,1.0
443,0.0,0.0,0.0,1.0,0.0,1.0,0.0,18.9,0.4639999999999999,121.5,0.126883,1016.0,1.0,1.0,0.0
561,0.0,1.0,0.0,1.0,0.0,1.0,0.0,28.1333,0.666042,104.87505,0.143679,809.0,0.0,1.0,0.0
692,0.0,0.0,1.0,0.0,0.0,1.0,1.0,13.6,0.350371,87.06255,0.0528708,535.0,0.0,0.0,1.0
494,1.0,0.0,0.0,1.0,0.0,1.0,0.0,23.2667,0.557471,102.87495,0.296029,596.0,0.0,0.0,1.0
99,1.0,0.0,0.0,1.0,0.0,0.0,0.0,13.7,0.3415289999999999,131.625,0.1330829999999999,803.0,0.0,1.0,0.0
54,0.0,0.0,0.0,0.0,0.0,0.0,0.0,8.8696,0.245717,63.45645,0.094113,674.0,1.0,0.0,1.0
250,0.0,1.0,0.0,0.0,1.0,0.0,0.0,23.9667,0.544229,137.56245,0.0970208,892.0,0.0,0.0,1.0
131,1.0,0.0,0.0,0.0,0.0,0.0,0.0,21.7,0.5284,94.93755,0.120642,549.0,0.0,0.0,1.0
500,1.0,0.0,0.0,1.0,0.0,1.0,0.0,22.9333,0.5499,118.43745,0.212692,768.0,0.0,0.0,1.0
522,1.0,0.0,0.0,1.0,0.0,1.0,0.0,21.6333,0.525892,91.99995,0.209575,831.0,0.0,0.0,1.0
538,0.0,1.0,0.0,0.0,0.0,1.0,0.0,32.2333,0.752542,85.18755,0.1187869999999999,692.0,0.0,0.0,1.0
191,0.0,1.0,0.0,0.0,0.0,0.0,0.0,29.9,0.690025,86.74995,0.183471,492.0,0.0,1.0,0.0
238,0.0,1.0,0.0,0.0,0.0,0.0,0.0,28.0,0.659733,114.1875,0.0839625,875.0,0.0,0.0,1.0
80,1.0,0.0,0.0,1.0,0.0,0.0,0.0,17.2174,0.409735,110.60865,0.288783,817.0,0.0,0.0,1.0
47,0.0,0.0,0.0,0.0,0.0,0.0,0.0,12.7304,0.3162,63.5217,0.251791,1029.0,0.0,0.0,1.0
6,0.0,0.0,0.0,0.0,0.0,0.0,0.0,8.1739,0.233209,77.73915,0.0895652,734.0,1.0,0.0,1.0
414,0.0,0.0,0.0,0.0,0.0,1.0,0.0,13.8667,0.355425,80.18745,0.190929,900.0,0.0,1.0,0.0
384,0.0,0.0,0.0,0.0,0.0,1.0,0.0,7.6,0.190038,74.625,0.220158,637.0,0.0,0.0,1.0
166,1.0,0.0,0.0,0.0,0.0,0.0,0.0,25.0667,0.587754,70.75005,0.1679119999999999,749.0,0.0,0.0,1.0
375,0.0,0.0,0.0,0.0,0.0,1.0,0.0,12.3478,0.318826,96.9783,0.187552,598.0,0.0,0.0,1.0
282,0.0,0.0,1.0,0.0,0.0,0.0,0.0,21.6333,0.523983,109.125,0.06345,581.0,0.0,1.0,0.0
521,1.0,0.0,0.0,0.0,0.0,1.0,0.0,23.9,0.578283,73.06245,0.284833,860.0,0.0,0.0,1.0
293,0.0,0.0,1.0,0.0,0.0,0.0,0.0,19.0333,0.466525,95.4375,0.422275,751.0,1.0,0.0,1.0
635,0.0,0.0,1.0,0.0,0.0,1.0,0.0,25.4,0.5966130000000001,94.62495,0.2444,1001.0,0.0,0.0,1.0
215,0.0,1.0,0.0,1.0,0.0,0.0,0.0,29.2667,0.679937,98.625,0.1355829999999999,934.0,0.0,0.0,1.0
607,0.0,1.0,0.0,0.0,0.0,1.0,0.0,27.4,0.635733,82.81245,0.112562,575.0,0.0,0.0,1.0
177,0.0,1.0,0.0,0.0,0.0,0.0,0.0,27.2,0.637629,76.99995,0.0945333,976.0,0.0,1.0,0.0
36,0.0,0.0,0.0,1.0,0.0,0.0,0.0,9.3333,0.243058,139.37505,0.161079,707.0,0.0,1.0,0.0
438,0.0,0.0,0.0,0.0,0.0,1.0,0.0,22.6,0.542929,92.625,0.23695,889.0,0.0,0.0,1.0
461,1.0,0.0,0.0,0.0,0.0,1.0,0.0,17.4,0.431163,56.12505,0.219529,518.0,1.0,0.0,1.0
311,0.0,0.0,1.0,0.0,0.0,0.0,0.0,15.8,0.400871,113.8125,0.057225,606.0,0.0,0.0,1.0
379,0.0,0.0,0.0,0.0,0.0,1.0,0.0,7.2,0.183087,68.625,0.187183,944.0,0.0,1.0,0.0
391,0.0,0.0,0.0,1.0,0.0,1.0,0.0,13.6667,0.35605,115.43745,0.0733958,784.0,1.0,0.0,1.0
664,0.0,0.0,1.0,1.0,0.0,1.0,0.0,22.0,0.529688,120.06255,0.124375,492.0,0.0,0.0,1.0
710,0.0,0.0,1.0,1.0,0.0,1.0,0.0,17.4333,0.435575,138.75,0.190308,1031.0,0.0,0.0,1.0
563,0.0,1.0,0.0,0.0,0.0,1.0,0.0,30.5333,0.724125,96.75,0.164187,639.0,0.0,0.0,1.0
678,0.0,0.0,1.0,0.0,0.0,1.0,0.0,14.087,0.341891,50.0217,0.347835,554.0,0.0,0.0,1.0
457,1.0,0.0,0.0,1.0,0.0,1.0,0.0,17.0333,0.4172869999999999,101.4375,0.172267,664.0,0.0,1.0,0.0
625,0.0,1.0,0.0,0.0,0.0,1.0,0.0,23.2,0.563125,85.5,0.0901833,589.0,0.0,1.0,0.0
616,0.0,1.0,0.0,0.0,0.0,1.0,0.0,28.1333,0.657204,94.01860752688175,0.171646,929.0,0.0,0.0,1.0
410,0.0,0.0,0.0,1.0,0.0,1.0,0.0,12.7667,0.333946,76.3125,0.141179,921.0,1.0,0.0,1.0
130,1.0,0.0,0.0,0.0,0.0,0.0,0.0,21.3,0.522721,73.37505,0.115671,473.0,0.0,0.0,1.0
319,0.0,0.0,1.0,1.0,0.0,0.0,0.0,21.2,0.507579,103.3125,0.199633,852.0,0.0,0.0,1.0
225,0.0,1.0,0.0,1.0,0.0,0.0,0.0,27.4333,0.645858,109.43745,0.211454,935.0,0.0,1.0,0.0
5,0.0,0.0,0.0,0.0,0.0,0.0,0.0,9.0783,0.2292699999999999,65.54355,0.1869,745.0,0.0,0.0,1.0
150,1.0,0.0,0.0,0.0,0.0,0.0,1.0,29.3333,0.671092,102.75,0.131225,483.0,0.0,0.0,1.0
727,0.0,0.0,0.0,1.0,0.0,1.0,0.0,10.1667,0.226642,97.93755,0.3501329999999999,561.0,0.0,0.0,1.0
160,1.0,0.0,0.0,1.0,0.0,0.0,0.0,32.3333,0.757579,85.24995,0.149883,906.0,0.0,0.0,1.0
207,0.0,1.0,0.0,0.0,0.0,0.0,0.0,30.8667,0.696979,81.12495,0.200258,692.0,0.0,0.0,1.0
479,1.0,0.0,0.0,1.0,0.0,1.0,0.0,12.8667,0.301125,115.00005,0.303496,512.0,1.0,0.0,1.0
381,0.0,0.0,0.0,0.0,0.0,1.0,1.0,7.6,0.190663,78.375,0.2313579999999999,709.0,0.0,0.0,1.0
374,0.0,0.0,0.0,1.0,0.0,1.0,0.0,8.9667,0.247479,105.25005,0.0989,644.0,0.0,0.0,1.0
118,1.0,0.0,0.0,1.0,0.0,0.0,0.0,24.7,0.578929,94.01860752688175,0.3209079999999999,763.0,0.0,0.0,1.0
73,0.0,0.0,0.0,0.0,0.0,0.0,0.0,13.0087,0.332,74.54355,0.136926,926.0,0.0,0.0,1.0
62,0.0,0.0,0.0,0.0,0.0,0.0,0.0,7.9333,0.200133,47.74995,0.225754,759.0,0.0,0.0,1.0
530,1.0,0.0,0.0,0.0,0.0,1.0,0.0,26.2333,0.611117,87.31245,0.343279,865.0,0.0,0.0,1.0
33,0.0,0.0,0.0,1.0,0.0,0.0,0.0,10.4,0.254417,116.31255,0.264308,678.0,0.0,0.0,1.0
57,0.0,0.0,0.0,0.0,0.0,0.0,0.0,11.3,0.282192,80.68755,0.186571,522.0,0.0,1.0,0.0
405,0.0,0.0,0.0,0.0,0.0,1.0,0.0,10.6,0.261988,84.31245,0.194037,1010.0,0.0,0.0,1.0
400,0.0,0.0,0.0,1.0,0.0,1.0,0.0,10.5667,0.272725,116.93745,0.121896,953.0,1.0,1.0,0.0
392,0.0,0.0,0.0,1.0,0.0,1.0,0.0,17.0,0.415383,111.1875,0.342667,977.0,0.0,0.0,1.0
613,0.0,1.0,0.0,0.0,0.0,1.0,0.0,29.0333,0.686888,113.25,0.236321,872.0,0.0,0.0,1.0
29,0.0,0.0,0.0,0.0,0.0,0.0,0.0,7.8609,0.212126,94.01860752688175,0.145365,1018.0,0.0,1.0,0.0
475,1.0,0.0,0.0,0.0,0.0,1.0,0.0,19.9333,0.493046,91.875,0.0659292,584.0,0.0,0.0,1.0
307,0.0,0.0,1.0,0.0,0.0,0.0,0.0,16.3333,0.405921,94.01860752688175,0.136817,1021.0,0.0,0.0,1.0
340,0.0,0.0,1.0,0.0,1.0,0.0,0.0,18.5,0.4564,142.43745,0.2325829999999999,459.0,0.0,0.0,1.0
114,1.0,0.0,0.0,1.0,0.0,0.0,0.0,23.2667,0.551763,121.62495,0.192175,697.0,0.0,1.0,0.0
674,0.0,0.0,1.0,0.0,0.0,1.0,0.0,13.0333,0.329538,79.93755,0.179108,684.0,0.0,1.0,0.0
454,1.0,0.0,0.0,0.0,0.0,1.0,0.0,19.7667,0.482304,65.87505,0.31965,956.0,0.0,0.0,1.0
165,1.0,0.0,0.0,0.0,0.0,0.0,0.0,24.1667,0.591546,76.06245,0.269283,858.0,0.0,0.0,1.0
300,0.0,0.0,1.0,1.0,0.0,0.0,0.0,18.8,0.457046,121.93755,0.197763,518.0,0.0,0.0,1.0
532,1.0,0.0,0.0,0.0,0.0,1.0,0.0,25.5667,0.599754,88.43745,0.176617,709.0,0.0,0.0,1.0
560,0.0,1.0,0.0,1.0,0.0,1.0,0.0,29.2667,0.667933,72.87495,0.08085,500.0,0.0,0.0,1.0
467,1.0,0.0,0.0,0.0,0.0,1.0,0.0,13.9478,0.3372739999999999,70.43475,0.295274,767.0,0.0,0.0,1.0
567,0.0,1.0,0.0,1.0,0.0,1.0,0.0,26.6333,0.613025,126.62505,0.208967,685.0,0.0,0.0,1.0
134,1.0,0.0,0.0,1.0,0.0,0.0,0.0,20.8333,0.500629,138.375,0.13495,928.0,0.0,1.0,0.0
106,1.0,0.0,0.0,0.0,1.0,0.0,0.0,17.2333,0.425492,133.24995,0.340808,577.0,0.0,1.0,0.0
585,0.0,1.0,0.0,1.0,0.0,1.0,0.0,29.4333,0.697621,105.5625,0.116908,714.0,0.0,0.0,1.0
325,0.0,0.0,1.0,0.0,1.0,0.0,0.0,17.9,0.445062,136.5,0.138054,865.0,0.0,0.0,1.0
58,0.0,0.0,0.0,0.0,0.0,0.0,0.0,13.7391,0.351109,102.0,0.125248,736.0,0.0,1.0,0.0
263,0.0,1.0,0.0,1.0,0.0,0.0,0.0,22.4667,0.532217,132.1875,0.134954,736.0,0.0,0.0,1.0
386,0.0,0.0,0.0,1.0,0.0,1.0,0.0,6.9333,0.174875,124.6875,0.222642,798.0,0.0,1.0,0.0
153,1.0,0.0,0.0,0.0,0.0,0.0,0.0,28.6,0.643942,45.75,0.2922869999999999,740.0,1.0,0.0,1.0
451,1.0,0.0,0.0,0.0,0.0,1.0,0.0,17.8333,0.43875,71.68755,0.386821,747.0,0.0,0.0,1.0
537,0.0,1.0,0.0,0.0,0.0,1.0,0.0,31.3,0.720975,88.81245,0.1138119999999999,772.0,0.0,0.0,1.0
419,0.0,0.0,0.0,0.0,0.0,1.0,0.0,18.1667,0.444446,83.18745,0.190913,509.0,0.0,0.0,1.0
152,1.0,0.0,0.0,1.0,0.0,0.0,0.0,30.5667,0.720967,101.56245,0.207092,694.0,0.0,0.0,1.0
445,1.0,0.0,0.0,0.0,0.0,1.0,0.0,22.4333,0.538533,121.18755,0.121271,605.0,1.0,0.0,1.0
275,0.0,0.0,1.0,1.0,0.0,0.0,0.0,14.2667,0.345317,118.75005,0.222013,485.0,0.0,1.0,0.0
668,0.0,0.0,1.0,0.0,1.0,1.0,0.0,17.6,0.4394,132.0,0.3582,1028.0,1.0,0.0,1.0
644,0.0,0.0,1.0,0.0,0.0,1.0,0.0,24.6,0.580187,94.125,0.10635,484.0,0.0,0.0,1.0
127,1.0,0.0,0.0,0.0,0.0,0.0,0.0,20.8,0.512621,81.1875,0.16045,1014.0,0.0,1.0,0.0
376,0.0,0.0,0.0,1.0,0.0,1.0,0.0,10.9667,0.282821,127.125,0.131221,715.0,0.0,0.0,1.0
573,0.0,1.0,0.0,0.0,0.0,1.0,0.0,31.0667,0.739263,89.50005,0.284813,1012.0,0.0,0.0,1.0
645,0.0,0.0,1.0,0.0,0.0,1.0,0.0,22.1667,0.538521,99.62505,0.268025,755.0,0.0,1.0,0.0
370,0.0,0.0,0.0,0.0,0.0,1.0,0.0,10.6333,0.278412,78.62505,0.129987,983.0,0.0,0.0,1.0
125,1.0,0.0,0.0,0.0,0.0,0.0,0.0,18.3667,0.441917,66.62505,0.295392,789.0,0.0,0.0,1.0
21,0.0,0.0,0.0,0.0,0.0,0.0,0.0,7.1,0.157833,68.56245,0.353242,725.0,0.0,0.0,1.0
351,0.0,0.0,1.0,1.0,0.0,0.0,0.0,10.3333,0.249371,84.12495,0.243167,660.0,0.0,1.0,0.0
659,0.0,0.0,1.0,0.0,0.0,1.0,0.0,19.3667,0.472842,85.93755,0.1175369999999999,988.0,0.0,1.0,0.0
345,0.0,0.0,1.0,0.0,0.0,0.0,0.0,8.8333,0.253154,94.01860752688175,0.0665417,695.0,0.0,1.0,0.0
528,1.0,0.0,0.0,1.0,0.0,1.0,0.0,28.8333,0.659721,88.18755,0.207713,907.0,0.0,0.0,1.0
493,1.0,0.0,0.0,1.0,0.0,1.0,0.0,21.5,0.527142,99.62505,0.230721,893.0,1.0,0.0,1.0
270,0.0,0.0,1.0,1.0,0.0,0.0,0.0,25.4667,0.574525,132.81255,0.118171,903.0,1.0,0.0,1.0
82,1.0,0.0,0.0,1.0,0.0,0.0,0.0,13.8783,0.337939,125.93475,0.234261,516.0,0.0,0.0,1.0
642,0.0,0.0,1.0,1.0,0.0,1.0,0.0,26.3,0.599133,119.0625,0.0665458,727.0,0.0,0.0,1.0
611,0.0,1.0,0.0,1.0,0.0,1.0,0.0,27.8667,0.649,122.25,0.0640708,946.0,0.0,1.0,0.0
720,0.0,0.0,0.0,1.0,0.0,1.0,0.0,13.2,0.335217,100.18755,0.132463,883.0,0.0,0.0,1.0
525,1.0,0.0,0.0,0.0,0.0,1.0,0.0,25.9667,0.597862,70.18755,0.1753829999999999,968.0,0.0,0.0,1.0
338,0.0,0.0,1.0,0.0,0.0,0.0,0.0,13.2333,0.3491,116.37495,0.0839583,998.0,1.0,1.0,0.0
715,0.0,0.0,1.0,0.0,0.0,1.0,0.0,12.9667,0.338383,97.56255,0.10635,619.0,0.0,1.0,0.0
402,0.0,0.0,0.0,0.0,0.0,1.0,0.0,11.3044,0.296426,93.3261,0.1538,750.0,0.0,0.0,1.0
43,0.0,0.0,0.0,0.0,0.0,0.0,0.0,8.9,0.232954,81.62505,0.203367,709.0,0.0,1.0,0.0
46,0.0,0.0,0.0,0.0,0.0,0.0,0.0,10.6435,0.254274,47.1522,0.2913739999999999,565.0,0.0,0.0,1.0
156,1.0,0.0,0.0,1.0,0.0,0.0,0.0,25.9333,0.616804,97.875,0.138692,495.0,0.0,1.0,0.0
149,1.0,0.0,0.0,0.0,0.0,0.0,0.0,26.7,0.61555,94.01860752688175,0.213938,667.0,1.0,1.0,0.0
199,0.0,1.0,0.0,0.0,0.0,0.0,0.0,29.8667,0.703925,97.6875,0.215804,840.0,0.0,0.0,1.0
123,1.0,0.0,0.0,1.0,0.0,0.0,0.0,24.6667,0.582079,104.56245,0.342667,666.0,0.0,0.0,1.0
520,1.0,0.0,0.0,0.0,0.0,1.0,0.0,24.1,0.575133,73.99995,0.184087,502.0,1.0,1.0,0.0
294,0.0,0.0,1.0,0.0,0.0,0.0,0.0,17.1,0.423596,86.12505,0.221396,918.0,0.0,0.0,1.0
364,0.0,0.0,0.0,0.0,0.0,0.0,0.0,12.4667,0.318812,95.50005,0.1343369999999999,918.0,0.0,0.0,1.0
289,0.0,0.0,1.0,0.0,0.0,0.0,0.0,20.4667,0.503154,73.00005,0.281717,576.0,1.0,1.0,0.0
111,1.0,0.0,0.0,0.0,0.0,0.0,0.0,18.3667,0.453892,61.06245,0.325258,995.0,0.0,0.0,1.0
671,0.0,0.0,1.0,1.0,0.0,1.0,0.0,14.6333,0.369942,87.25005,0.157346,746.0,1.0,0.0,1.0
382,0.0,0.0,0.0,1.0,0.0,1.0,0.0,14.9217,0.364278,107.41305,0.34913,786.0,0.0,0.0,1.0
558,0.0,1.0,0.0,0.0,0.0,1.0,0.0,28.6667,0.650271,94.99995,0.1517329999999999,707.0,0.0,0.0,1.0
507,1.0,0.0,0.0,1.0,0.0,1.0,0.0,23.9333,0.565667,94.01860752688175,0.233204,967.0,0.0,0.0,1.0
539,0.0,1.0,0.0,0.0,0.0,1.0,0.0,31.1,0.724121,86.0625,0.182842,885.0,0.0,0.0,1.0
329,0.0,0.0,1.0,0.0,0.0,0.0,0.0,15.0,0.380671,96.5625,0.0988958,931.0,0.0,0.0,1.0
403,0.0,0.0,0.0,0.0,0.0,1.0,0.0,14.1667,0.361104,74.4375,0.147379,821.0,0.0,0.0,1.0
138,1.0,0.0,0.0,1.0,0.0,0.0,0.0,22.0,0.527158,94.01860752688175,0.201492,832.0,0.0,0.0,1.0
297,0.0,0.0,1.0,0.0,0.0,0.0,0.0,18.5333,0.457067,115.81245,0.118792,645.0,0.0,0.0,1.0
28,0.0,0.0,0.0,1.0,0.0,0.0,0.0,8.1391,0.223317,118.95645,0.1233,854.0,0.0,0.0,1.0
667,0.0,0.0,1.0,1.0,0.0,1.0,0.0,19.1,0.467771,104.18745,0.398008,822.0,0.0,1.0,0.0
122,1.0,0.0,0.0,1.0,0.0,0.0,0.0,21.9667,0.532833,94.01860752688175,0.183454,504.0,0.0,0.0,1.0
37,0.0,0.0,0.0,0.0,0.0,0.0,0.0,11.4333,0.291671,85.24995,0.1418,565.0,0.0,1.0,0.0
292,0.0,0.0,1.0,0.0,1.0,0.0,0.0,21.6696,0.513848,134.28255,0.243339,502.0,0.0,0.0,1.0
535,1.0,0.0,0.0,1.0,0.0,1.0,0.0,22.7333,0.544842,116.68755,0.174746,711.0,0.0,0.0,1.0
468,1.0,0.0,0.0,0.0,0.0,1.0,0.0,15.9,0.387604,69.9375,0.290429,765.0,0.0,0.0,1.0
164,1.0,0.0,0.0,0.0,0.0,0.0,0.0,25.4,0.601654,74.18745,0.30535,706.0,0.0,0.0,1.0
96,1.0,0.0,0.0,0.0,0.0,0.0,0.0,15.6333,0.387608,70.62495,0.263063,789.0,0.0,0.0,1.0
482,1.0,0.0,0.0,1.0,0.0,1.0,0.0,19.9333,0.483583,94.01860752688175,0.176625,946.0,0.0,0.0,1.0
205,0.0,1.0,0.0,0.0,0.0,0.0,0.0,33.2,0.794829,82.62495,0.169171,561.0,0.0,1.0,0.0
174,0.0,1.0,0.0,1.0,0.0,0.0,0.0,29.1333,0.693833,105.49995,0.238804,925.0,0.0,0.0,1.0
589,0.0,1.0,0.0,1.0,0.0,1.0,0.0,27.7,0.638267,109.93755,0.206479,538.0,0.0,1.0,0.0
230,0.0,1.0,0.0,0.0,0.0,0.0,0.0,28.4667,0.662258,98.18745,0.233208,846.0,0.0,0.0,1.0
649,0.0,0.0,1.0,0.0,0.0,1.0,0.0,20.5667,0.503142,94.62495,0.187821,634.0,1.0,0.0,1.0
265,0.0,0.0,1.0,1.0,0.0,0.0,0.0,25.1333,0.554963,135.31245,0.128125,919.0,0.0,0.0,1.0
79,0.0,0.0,0.0,0.0,0.0,0.0,0.0,13.3,0.32575,71.0625,0.207721,870.0,0.0,1.0,0.0
434,0.0,0.0,0.0,1.0,0.0,1.0,0.0,16.4333,0.397083,61.06245,0.4148,576.0,0.0,0.0,1.0
393,0.0,0.0,0.0,0.0,0.0,1.0,0.0,12.6333,0.326379,81.49995,0.210829,479.0,0.0,1.0,0.0
143,1.0,0.0,0.0,1.0,0.0,0.0,0.0,25.2667,0.590296,121.5,0.233842,545.0,0.0,0.0,1.0
543,0.0,1.0,0.0,0.0,0.0,1.0,0.0,25.2333,0.594704,55.99995,0.347642,683.0,0.0,0.0,1.0
26,0.0,0.0,0.0,0.0,1.0,0.0,0.0,8.7,0.2036,129.375,0.29385,602.0,0.0,0.0,1.0
112,1.0,0.0,0.0,1.0,0.0,0.0,0.0,13.4667,0.321954,109.43745,0.219521,540.0,1.0,0.0,1.0
41,0.0,0.0,0.0,0.0,0.0,0.0,0.0,5.7739,0.149548,65.60865,0.221935,840.0,0.0,0.0,1.0
719,0.0,0.0,1.0,0.0,0.0,1.0,0.0,13.3,0.3421619999999999,93.81255,0.184092,951.0,0.0,0.0,1.0
429,0.0,0.0,0.0,0.0,0.0,1.0,0.0,13.0333,0.303021,60.49995,0.334571,569.0,0.0,1.0,0.0
600,0.0,1.0,0.0,0.0,0.0,1.0,0.0,26.7,0.621854,101.56245,0.0702833,553.0,0.0,0.0,1.0
663,0.0,0.0,1.0,0.0,0.0,1.0,0.0,23.5,0.558721,95.4375,0.0727791999999999,707.0,0.0,0.0,1.0
463,1.0,0.0,0.0,0.0,0.0,1.0,0.0,17.5,0.426129,38.12505,0.274871,875.0,0.0,1.0,0.0
104,1.0,0.0,0.0,0.0,0.0,0.0,0.0,18.7,0.462742,81.06255,0.1107,726.0,0.0,0.0,1.0
395,0.0,0.0,0.0,0.0,0.0,1.0,0.0,10.7667,0.262625,60.12495,0.215792,470.0,0.0,0.0,1.0
226,0.0,1.0,0.0,1.0,0.0,0.0,0.0,27.0667,0.624388,122.625,0.222633,959.0,0.0,1.0,0.0
309,0.0,0.0,1.0,0.0,0.0,0.0,0.0,13.0667,0.323854,77.87505,0.1890619999999999,563.0,0.0,1.0,0.0
256,0.0,1.0,0.0,0.0,0.0,0.0,0.0,26.0333,0.603554,106.875,0.1418039999999999,652.0,1.0,0.0,1.0
679,0.0,0.0,1.0,0.0,0.0,1.0,0.0,14.4667,0.355413,81.12495,0.214558,738.0,0.0,0.0,1.0
647,0.0,0.0,1.0,1.0,0.0,1.0,1.0,15.3333,0.387608,106.43745,0.189679,925.0,0.0,0.0,1.0
423,0.0,0.0,0.0,0.0,0.0,1.0,0.0,14.6667,0.357954,73.62495,0.2680329999999999,490.0,0.0,0.0,1.0
622,0.0,1.0,0.0,0.0,0.0,1.0,0.0,24.5,0.579558,95.56245,0.0827208,702.0,0.0,0.0,1.0
662,0.0,0.0,1.0,0.0,0.0,1.0,0.0,21.7667,0.530304,94.01860752688175,0.0945458,601.0,0.0,0.0,1.0
629,0.0,1.0,0.0,0.0,0.0,1.0,0.0,21.8667,0.532192,92.74995,0.118167,990.0,1.0,0.0,1.0
707,0.0,0.0,1.0,1.0,0.0,1.0,0.0,12.8333,0.3219579999999999,114.62505,0.1306,708.0,0.0,0.0,1.0
601,0.0,1.0,0.0,0.0,0.0,1.0,0.0,27.8333,0.637008,95.37495,0.0845958,665.0,0.0,0.0,1.0
486,1.0,0.0,0.0,1.0,0.0,1.0,0.0,18.5667,0.457696,85.5,0.171638,628.0,0.0,0.0,1.0
140,1.0,0.0,0.0,0.0,0.0,0.0,0.0,21.4667,0.529042,107.93745,0.125013,528.0,0.0,0.0,1.0
187,0.0,1.0,0.0,0.0,0.0,0.0,0.0,28.8,0.685633,111.49995,0.149883,780.0,0.0,0.0,1.0
330,0.0,0.0,1.0,0.0,0.0,0.0,0.0,15.0333,0.385087,102.25005,0.0684208,602.0,0.0,1.0,0.0
249,0.0,1.0,0.0,0.0,1.0,0.0,0.0,21.6,0.5152,133.04355,0.343943,763.0,0.0,0.0,1.0
98,1.0,0.0,0.0,1.0,0.0,0.0,0.0,13.4333,0.324479,125.4375,0.226992,907.0,0.0,0.0,1.0
584,0.0,1.0,0.0,1.0,0.0,1.0,0.0,30.1,0.710246,98.12505,0.129354,861.0,1.0,0.0,1.0
115,1.0,0.0,0.0,0.0,0.0,0.0,0.0,24.2667,0.5745,116.50005,0.185333,757.0,0.0,0.0,1.0
288,0.0,0.0,1.0,0.0,0.0,0.0,0.0,20.2667,0.498725,72.49995,0.258083,1021.0,1.0,1.0,0.0
48,0.0,0.0,0.0,0.0,0.0,0.0,0.0,17.4333,0.428658,75.75,0.230104,756.0,0.0,0.0,1.0
617,0.0,1.0,0.0,1.0,0.0,1.0,0.0,26.3667,0.611121,119.87505,0.281104,824.0,0.0,1.0,0.0
655,0.0,0.0,1.0,0.0,0.0,1.0,0.0,18.7333,0.460846,83.74995,0.182221,513.0,0.0,0.0,1.0
50,0.0,0.0,0.0,0.0,0.0,0.0,0.0,15.9667,0.391404,28.18755,0.507463,623.0,0.0,1.0,0.0
52,0.0,0.0,0.0,1.0,0.0,0.0,1.0,12.1333,0.284075,90.75,0.307846,802.0,0.0,0.0,1.0
404,0.0,0.0,0.0,1.0,0.0,1.0,0.0,10.2667,0.266421,108.43755,0.133721,510.0,0.0,0.0,1.0
418,0.0,0.0,0.0,0.0,0.0,1.0,0.0,15.8333,0.392667,85.18755,0.234471,655.0,0.0,0.0,1.0
258,0.0,1.0,0.0,1.0,0.0,0.0,0.0,23.1,0.553671,106.37505,0.271146,501.0,0.0,0.0,1.0
262,0.0,1.0,0.0,1.0,0.0,0.0,0.0,21.9667,0.529675,103.5,0.151742,912.0,0.0,0.0,1.0
581,0.0,1.0,0.0,1.0,0.0,1.0,0.0,30.6333,0.722867,96.375,0.215792,937.0,1.0,0.0,1.0
623,0.0,1.0,0.0,0.0,0.0,1.0,0.0,25.3333,0.594083,100.875,0.103863,918.0,0.0,0.0,1.0
279,0.0,0.0,1.0,0.0,0.0,0.0,0.0,19.7667,0.480425,93.12495,0.134954,1017.0,0.0,0.0,1.0
348,0.0,0.0,1.0,1.0,0.0,0.0,0.0,12.7,0.338362,99.5625,0.0609583,781.0,1.0,0.0,1.0
264,0.0,1.0,0.0,1.0,0.0,0.0,0.0,23.8,0.5505329999999999,135.0,0.0964042,1000.0,0.0,0.0,1.0
536,1.0,0.0,0.0,0.0,0.0,1.0,0.0,27.5333,0.654692,103.5,0.148017,826.0,1.0,0.0,1.0
328,0.0,0.0,1.0,0.0,0.0,0.0,1.0,14.9333,0.372471,82.37505,0.167304,785.0,0.0,0.0,1.0
68,0.0,0.0,0.0,1.0,0.0,0.0,0.0,11.8333,0.286608,116.31255,0.22015,521.0,1.0,0.0,1.0
107,1.0,0.0,0.0,0.0,0.0,0.0,0.0,18.2667,0.445696,71.93745,0.303496,676.0,0.0,1.0,0.0
430,0.0,0.0,0.0,0.0,0.0,1.0,0.0,9.7333,0.241171,75.9375,0.228858,1019.0,0.0,0.0,1.0
334,0.0,0.0,1.0,0.0,0.0,0.0,0.0,13.0,0.311221,91.99995,0.271158,832.0,1.0,0.0,1.0
575,0.0,1.0,0.0,0.0,0.0,1.0,0.0,30.2333,0.697604,91.99995,0.15735,508.0,0.0,1.0,0.0
176,0.0,1.0,0.0,0.0,0.0,0.0,0.0,27.8,0.643313,72.49995,0.209571,465.0,0.0,1.0,0.0
219,0.0,1.0,0.0,0.0,0.0,0.0,0.0,29.7,0.715292,112.93755,0.201487,769.0,0.0,1.0,0.0
19,0.0,0.0,0.0,1.0,0.0,0.0,0.0,11.687,0.2984219999999999,111.26085,0.208317,1024.0,0.0,0.0,1.0
93,1.0,0.0,0.0,0.0,0.0,0.0,0.0,15.1333,0.378767,72.0,0.182213,829.0,0.0,1.0,0.0
686,0.0,0.0,1.0,0.0,0.0,1.0,0.0,13.8,0.347204,78.68745,0.171025,603.0,0.0,0.0,1.0
76,0.0,0.0,0.0,0.0,0.0,0.0,0.0,16.6,0.410333,90.43755,0.209579,649.0,0.0,0.0,1.0
72,0.0,0.0,0.0,0.0,0.0,0.0,0.0,15.3739,0.380091,79.10865,0.270604,943.0,0.0,1.0,0.0
523,1.0,0.0,0.0,0.0,0.0,1.0,0.0,22.1667,0.542292,91.6875,0.077125,978.0,0.0,0.0,1.0
534,1.0,0.0,0.0,0.0,0.0,1.0,0.0,23.7,0.571975,89.8125,0.144904,615.0,0.0,1.0,0.0
237,0.0,1.0,0.0,1.0,0.0,0.0,0.0,27.3667,0.645854,115.75005,0.210833,786.0,0.0,0.0,1.0
192,0.0,1.0,0.0,0.0,0.0,0.0,0.0,30.5,0.729804,95.37495,0.282337,730.0,0.0,0.0,1.0
480,1.0,0.0,0.0,0.0,0.0,1.0,0.0,16.5333,0.405283,68.12505,0.249383,621.0,1.0,0.0,1.0
356,0.0,0.0,0.0,1.0,0.0,0.0,0.0,16.9333,0.426121,113.625,0.047275,472.0,0.0,0.0,1.0
621,0.0,1.0,0.0,0.0,0.0,1.0,0.0,23.9667,0.570075,86.56245,0.131846,930.0,0.0,0.0,1.0
568,0.0,1.0,0.0,0.0,1.0,1.0,0.0,23.8333,0.549912,129.81255,0.2133,839.0,0.0,1.0,0.0
295,0.0,0.0,1.0,0.0,0.0,0.0,0.0,16.9,0.425492,94.37505,0.0926666999999999,695.0,1.0,1.0,0.0
324,0.0,0.0,1.0,1.0,0.0,0.0,0.0,18.5333,0.457058,102.68745,0.18595,1032.0,1.0,1.0,0.0
460,1.0,0.0,0.0,0.0,0.0,1.0,0.0,21.6667,0.53345,70.43745,0.180975,1010.0,1.0,0.0,1.0
449,1.0,0.0,0.0,1.0,0.0,1.0,0.0,20.1,0.4867329999999999,132.81255,0.1927829999999999,618.0,0.0,1.0,0.0
318,0.0,0.0,1.0,0.0,0.0,0.0,0.0,21.2,0.524612,88.06245,0.306596,608.0,0.0,0.0,1.0
331,0.0,0.0,1.0,0.0,0.0,0.0,0.0,18.3667,0.4558,104.74995,0.208954,646.0,0.0,1.0,0.0
17,0.0,0.0,0.0,1.0,0.0,0.0,1.0,7.0333,0.176771,80.625,0.194017,650.0,0.0,0.0,1.0
22,0.0,0.0,0.0,0.0,0.0,0.0,0.0,2.3652,0.0790696,60.0,0.17197,891.0,0.0,1.0,0.0
677,0.0,0.0,1.0,1.0,0.0,1.0,0.0,11.8333,0.274621,82.125,0.304108,654.0,0.0,0.0,1.0
380,0.0,0.0,0.0,0.0,0.0,1.0,0.0,6.6667,0.161625,62.87505,0.251258,871.0,1.0,1.0,0.0
222,0.0,1.0,0.0,0.0,0.0,0.0,0.0,30.6667,0.684983,63.62505,0.200258,709.0,0.0,0.0,1.0
39,0.0,0.0,0.0,0.0,0.0,0.0,0.0,8.8333,0.198246,80.68755,0.36195,611.0,0.0,0.0,1.0
182,0.0,1.0,0.0,0.0,0.0,0.0,0.0,28.9,0.652162,59.4375,0.1026079999999999,795.0,0.0,0.0,1.0
235,0.0,1.0,0.0,0.0,0.0,0.0,0.0,25.6333,0.606067,68.31255,0.146763,982.0,0.0,0.0,1.0
630,0.0,0.0,1.0,0.0,0.0,1.0,0.0,23.9667,0.571971,100.3125,0.154229,902.0,0.0,0.0,1.0
344,0.0,0.0,1.0,0.0,0.0,0.0,0.0,11.0,0.266412,76.125,0.233221,657.0,0.0,1.0,0.0
516,1.0,0.0,0.0,1.0,0.0,1.0,0.0,26.2667,0.611129,100.5,0.134329,595.0,0.0,0.0,1.0
128,1.0,0.0,0.0,0.0,0.0,0.0,0.0,21.1333,0.518933,94.75005,0.0746375,991.0,0.0,1.0,0.0
326,0.0,0.0,1.0,0.0,1.0,0.0,0.0,16.6667,0.421696,144.375,0.118792,525.0,0.0,0.0,1.0
327,0.0,0.0,1.0,1.0,0.0,0.0,0.0,17.6333,0.430537,113.68755,0.335825,587.0,0.0,0.0,1.0
286,0.0,0.0,1.0,1.0,0.0,0.0,0.0,23.5667,0.551804,134.50005,0.141787,929.0,0.0,0.0,1.0
470,1.0,0.0,0.0,0.0,0.0,1.0,0.0,19.8,0.487996,75.43755,0.190917,748.0,1.0,1.0,0.0
15,0.0,0.0,0.0,1.0,0.0,0.0,0.0,9.3333,0.248112,74.8125,0.157963,991.0,0.0,1.0,0.0
25,0.0,0.0,0.0,1.0,0.0,0.0,0.0,8.9391,0.234526,92.54355,0.129796,977.0,0.0,0.0,1.0
216,0.0,1.0,0.0,1.0,0.0,0.0,0.0,28.4,0.664788,113.625,0.19715,939.0,1.0,0.0,1.0
660,0.0,0.0,1.0,0.0,0.0,1.0,0.0,18.5667,0.456429,76.5,0.166054,521.0,0.0,1.0,0.0
513,1.0,0.0,0.0,0.0,0.0,1.0,0.0,27.6,0.641425,104.56245,0.215171,1005.0,0.0,1.0,0.0
691,0.0,0.0,1.0,0.0,0.0,1.0,0.0,14.1333,0.364892,92.0625,0.103246,666.0,0.0,0.0,1.0
614,0.0,1.0,0.0,0.0,0.0,1.0,0.0,29.4667,0.708983,111.1875,0.187808,546.0,0.0,0.0,1.0
137,1.0,0.0,0.0,1.0,0.0,0.0,0.0,22.4667,0.538529,125.68755,0.277354,537.0,0.0,0.0,1.0
136,1.0,0.0,0.0,0.0,0.0,0.0,0.0,23.1,0.550512,118.18755,0.126871,470.0,0.0,0.0,1.0
383,0.0,0.0,0.0,0.0,0.0,1.0,0.0,12.1333,0.275254,66.49995,0.415429,553.0,0.0,0.0,1.0
697,0.0,0.0,1.0,1.0,0.0,1.0,0.0,11.6667,0.281558,118.00005,0.237562,675.0,0.0,0.0,1.0
729,0.0,0.0,0.0,1.0,0.0,1.0,0.0,10.1333,0.2424,112.93755,0.124383,783.0,0.0,1.0,0.0
301,0.0,0.0,1.0,1.0,0.0,0.0,0.0,13.2333,0.318812,87.87495,0.229479,599.0,0.0,0.0,1.0
124,1.0,0.0,0.0,1.0,0.0,0.0,0.0,16.5667,0.40465,110.56245,0.328996,569.0,0.0,0.0,1.0
148,1.0,0.0,0.0,0.0,0.0,0.0,0.0,26.2333,0.612379,109.43745,0.230092,712.0,0.0,1.0,0.0
306,0.0,0.0,1.0,0.0,0.0,0.0,0.0,15.1,0.390133,107.8125,0.0820916999999999,810.0,1.0,0.0,1.0
546,0.0,1.0,0.0,0.0,0.0,1.0,0.0,33.3667,0.786613,73.3125,0.165417,600.0,0.0,0.0,1.0
23,0.0,0.0,0.0,0.0,0.0,0.0,0.0,3.8609,0.0988391,65.4783,0.2466,932.0,1.0,1.0,0.0
675,0.0,0.0,1.0,0.0,0.0,1.0,0.0,12.7667,0.308075,74.12505,0.236325,491.0,0.0,0.0,1.0
281,0.0,0.0,1.0,0.0,0.0,0.0,0.0,20.8667,0.513242,94.01860752688175,0.0454042,746.0,1.0,1.0,0.0
633,0.0,0.0,1.0,0.0,0.0,1.0,0.0,20.5667,0.502513,73.93755,0.142404,944.0,1.0,0.0,1.0
45,0.0,0.0,0.0,0.0,0.0,0.0,0.0,16.6,0.39835,56.37495,0.417908,949.0,1.0,0.0,1.0
139,1.0,0.0,0.0,1.0,0.0,0.0,0.0,21.2333,0.510742,124.43745,0.108213,878.0,0.0,0.0,1.0
77,0.0,0.0,0.0,0.0,0.0,0.0,0.0,21.6,0.5270090000000001,78.78255,0.231017,799.0,0.0,0.0,1.0
108,1.0,0.0,0.0,0.0,0.0,0.0,0.0,20.5,0.503146,81.375,0.163567,637.0,0.0,0.0,1.0
204,0.0,1.0,0.0,0.0,0.0,0.0,0.0,33.9667,0.804287,75.0,0.131221,944.0,0.0,1.0,0.0
245,0.0,1.0,0.0,1.0,0.0,0.0,0.0,25.7333,0.604808,94.01860752688175,0.139929,908.0,0.0,0.0,1.0
411,0.0,0.0,0.0,0.0,0.0,1.0,0.0,13.9333,0.3516289999999999,79.6875,0.1816,998.0,1.0,0.0,1.0
444,0.0,0.0,0.0,0.0,0.0,1.0,0.0,21.8,0.532821,109.3125,0.162317,773.0,0.0,0.0,1.0
369,0.0,0.0,0.0,1.0,0.0,1.0,0.0,4.3,0.1193369999999999,62.18745,0.1847,726.0,0.0,0.0,1.0
717,0.0,0.0,1.0,1.0,0.0,1.0,0.0,15.7333,0.4015,136.06245,0.0982583,692.0,0.0,0.0,1.0
462,1.0,0.0,0.0,0.0,0.0,1.0,0.0,16.1333,0.390767,94.01860752688175,0.300388,603.0,0.0,0.0,1.0
336,0.0,0.0,1.0,0.0,0.0,0.0,0.0,12.5667,0.331433,93.87495,0.100754,492.0,0.0,0.0,1.0
78,0.0,0.0,0.0,0.0,0.0,0.0,0.0,18.9,0.466525,56.87505,0.368167,1022.0,1.0,1.0,0.0
81,1.0,0.0,0.0,0.0,0.0,0.0,0.0,17.6667,0.440642,93.68745,0.22575,551.0,0.0,0.0,1.0
377,0.0,0.0,0.0,1.0,0.0,1.0,0.0,15.3,0.381938,120.43755,0.180967,520.0,0.0,0.0,1.0
299,0.0,0.0,1.0,1.0,0.0,0.0,0.0,19.3667,0.472846,108.06255,0.148642,605.0,0.0,0.0,1.0
497,1.0,0.0,0.0,0.0,0.0,1.0,0.0,21.3333,0.520833,54.06255,0.2369369999999999,570.0,1.0,0.0,1.0
