atemp,windspeed,leaflets,hum,season_1,season_2,season_3,season_4,weathersit_1,weathersit_2,weathersit_3,yr,holiday,price reduction,cnt,weekend,weekday,cnt
-0.7708368242937701,-1.3624848612804692,1.577585677443144,1.0819794442404587,0,0,0,1,1,0,0,0,0,1,3485,1,0,3485
-1.006720479542494,1.004815220615708,0.5648484934626948,-0.09145007476514695,0,0,0,1,1,0,0,0,0,1,3613,0,1,3613
-0.6640262840253862,1.9169480264219638,-0.4417878641082338,2.327100091028757,1,0,0,0,0,1,0,0,0,0,605,1,0,605
-0.00023414728517486103,-0.5445042325329459,-0.8200391014985221,0.6818147043929841,0,0,0,1,0,1,0,0,0,0,3894,0,1,3894
-0.8179836643341121,-0.7412610754884786,0.3879245275865922,1.816127499063492,0,1,0,0,0,1,0,0,0,0,2455,1,0,2455
1.6588974661223137,0.10817358600429258,-0.4234853848796714,-0.48258843369719373,0,0,1,0,1,0,0,0,0,0,4258,0,1,4258
-1.5170534194640388,-0.06069914880052545,0.03407659583438701,-1.365079643036733,1,0,0,0,1,0,0,0,0,0,1600,0,1,1600
1.2067710397203932,-0.607417356365054,1.0102088213577116,-0.3652454817966332,0,0,1,0,1,0,0,0,0,0,4694,0,1,4694
0.7782771926280876,-0.20634144974010246,1.3945608851575209,-1.1415142405234184,0,1,0,0,1,0,0,1,0,0,7736,0,1,7736
1.12812654852115,1.3743903048354786,1.1749311344147728,-0.8797491939760141,0,0,1,0,1,0,0,1,0,1,6779,0,1,6779
-1.1914095538941574,0.10021934381526838,-1.594844055507661,-0.533742739621106,0,0,0,1,1,0,0,1,0,0,5495,0,1,5495
0.8137229479456974,-0.6309765824352496,-0.5333002602510455,0.6246452182270309,0,0,1,0,1,0,0,0,0,1,4763,0,1,4763
-0.25578982309755505,-0.45814569531697275,1.3762584059289584,-1.5717765448952956,0,1,0,0,1,0,0,1,0,0,6398,0,1,6398
2.0676445651274546,-0.3559292571390974,0.5770501462817363,-0.9670090235616373,0,0,1,0,1,0,0,1,0,0,4840,1,0,4840
-0.3973299799165905,-1.6376902597520777,0.7600749385673597,0.9556101114244704,0,0,0,1,1,0,0,0,0,0,4109,0,1,4109
-0.5073973947512266,3.9930937587355664,-0.7102242261271481,-3.1634235655792313,1,0,0,0,1,0,0,0,0,0,1635,1,0,1635
0.01556449664328194,-0.2299386133724054,0.3269162634913844,0.8352631799552556,0,0,0,1,1,0,0,1,1,0,6269,0,1,6269
0.7233524628492192,-1.024313226389799,-1.4911300065458077,1.6055095373352672,0,0,0,1,0,1,0,0,0,1,4630,0,1,4630
-1.4842978549927406,-1.751285437392091,1.0651162590433987,1.469983843718669,1,0,0,0,0,1,0,0,0,0,1360,0,1,1360
-2.0051922849035093,1.3821927967760634,-1.0213663730127078,-1.123461478692563,1,0,0,0,1,0,0,0,0,1,1406,0,1,1406
-0.3855479403767241,0.5800283376721216,1.248141051329022,0.8051728365355856,1,0,0,0,0,1,0,1,0,0,3487,0,1,3487
1.3248529814513341,-0.5288107276735196,0.24760552016761428,0.8472935404393376,0,0,1,0,1,0,0,0,0,0,4629,0,1,4629
0.7350286383974484,-0.36371910322564593,-1.6070457083267027,0.7901312753781169,0,1,0,0,1,0,0,1,0,0,6296,0,1,6296
-1.2857032339748398,-0.7331930206131235,-1.399617610402996,0.6998674662238396,1,0,0,0,0,1,0,1,0,0,2802,0,1,2802
0.4796784632747171,0.2731513977658367,0.6075542783293403,1.7288748905826008,0,0,1,0,0,0,1,1,0,0,4459,1,0,4459
1.1832630062832927,-0.33226886423661034,0.7600749385673597,0.5644717524924235,0,0,1,0,1,0,0,1,0,0,7216,0,1,7216
0.7114645593177162,0.7767219513574699,1.5348798925764986,-1.9629149038273423,0,1,0,0,1,0,0,0,0,0,5312,0,1,5312
-0.5113641807908115,1.3744535341056614,-0.8322407543175636,0.0,0,1,0,0,1,0,0,1,0,0,6460,0,1,6460
0.2513236060194912,-1.850034382393128,0.040177422243907794,0.0,0,0,0,1,1,0,0,0,0,1,5409,1,0,5409
1.0141110295278055,-1.000766646173641,-1.0030638937841454,-0.533742739621106,0,0,1,0,1,0,0,1,0,0,7697,0,1,7697
-0.39324487529811625,1.2276983980108649,0.47333609731988313,0.8043857361197602,0,1,0,0,0,1,0,0,0,0,2077,0,1,2077
-0.4641426132269615,2.4832293701811192,-0.6919217468985857,0.11615668628969096,0,1,0,0,0,1,0,0,0,0,1795,0,1,1795
-0.7550879987143198,-0.12772217519453002,1.577585677443144,-0.6841800145099907,1,0,0,0,1,0,0,1,0,1,4169,0,1,4169
0.892267802446929,0.2181925161227531,0.46113444450084157,0.6216340175536441,0,0,1,0,1,0,0,0,0,0,4338,0,1,4338
-0.3069283583519838,0.3755322320461881,1.089519564681482,-0.3742718627120609,0,0,0,1,1,0,0,0,0,0,4304,0,1,4304
1.1203424314889976,-0.1514837349293104,1.4555691492527285,-0.6601120724370942,0,0,1,0,1,0,0,1,0,1,7458,1,0,7458
0.951296318725148,0.2655133019277276,0.9003939459863377,1.1872920356569372,0,0,1,0,0,1,0,0,1,1,3351,0,1,3351
-1.2857592796174715,0.525069456029038,-0.5027961282034416,-0.8556812519031177,0,0,0,1,1,0,0,0,0,0,3190,1,0,3190
0.44428875359973896,-1.197298392927321,0.9308980780339415,2.1019604876837934,0,0,1,0,0,0,1,0,0,0,1996,0,1,1996
1.6981792343133681,-0.6861377977429176,1.4494683228432077,-0.3532151213125513,0,0,1,0,1,0,0,1,0,0,5713,0,1,5713
-0.44844360599651634,-1.700550270997232,-0.8139382750890013,0.9586213120978572,0,0,0,1,1,0,0,0,0,0,4035,0,1,4035
1.2028540720298142,-0.6072656061166146,0.4245294860437169,0.5283662288307126,0,0,1,0,0,1,0,1,0,0,6969,1,0,6969
-1.0616514366149878,-0.8984869787255829,1.1261245231386066,-1.4815127357410183,1,0,0,0,1,0,0,0,0,0,2133,0,1,2133
-0.13394036872305182,0.8395844917734315,0.16829477684384417,1.479140204519279,0,0,0,1,0,1,0,0,0,0,2914,0,1,2914
1.0770876499647326,-1.1343321565082594,1.7057030320430806,0.29368032502959146,0,1,0,0,0,1,0,0,0,0,4744,1,0,4744
-0.09855065904807371,-0.07271271013529994,1.7850137753668507,0.42305363741423396,0,0,0,1,0,1,0,0,0,1,3520,1,0,3520
-0.8652052318979614,-0.6388802412081263,1.1078220439100441,-0.84665487098769,1,0,0,0,0,1,0,1,0,1,3922,0,1,3922
0.8608199696370329,1.916846859589671,0.7661757649768806,-0.31710959765084035,0,1,0,0,1,0,0,1,0,0,7421,0,1,7421
1.3208052405946145,0.10822416942043904,-0.18555315490836102,-1.4574375725633892,0,0,1,0,1,0,0,0,0,0,4780,0,1,4780
0.45591511079896235,-0.6153210151379317,0.36962204835802986,1.3196765487149664,0,0,0,1,0,1,0,0,0,0,4563,0,1,4563
0.36948650256756677,-0.7176006825859902,-0.0208308418513,1.8432066418097752,0,0,1,0,0,1,0,0,0,0,3641,0,1,3641
-0.2440326927321912,-0.37163540785256166,1.1566286551862104,-0.166665101657223,0,1,0,0,1,0,0,0,0,0,3141,0,1,3141
-0.9264382101196861,0.874879070389595,-0.32587216232733895,-1.2175235889360525,1,0,0,0,1,0,0,0,0,1,1589,1,0,1589
0.6799918173333173,1.909107596919269,-0.44788869051775454,0.5133174465685113,0,1,0,0,0,1,0,0,0,0,4451,0,1,4451
0.8137229479456974,-1.3309751867774613,-1.2165928181173726,0.0,0,0,1,0,0,1,0,1,0,0,4549,1,0,4549
-1.120760907710341,0.446349014651174,0.5465460142341325,-2.25175909312103,0,1,0,0,1,0,0,0,0,0,2425,0,1,2425
1.12812654852115,-3.5099295793718614e-16,0.5831509726912572,-1.5236334396447702,0,0,1,0,1,0,0,0,0,0,4905,0,1,4905
-0.46027546388538787,-0.05706978869202016,-1.1738870332507272,0.0,1,0,0,0,0,1,0,1,0,0,3761,0,1,3761
1.5999187681931006,1.1461832228909112,-0.05743580030842468,0.07102478171255229,0,0,1,0,1,0,0,0,0,0,4086,0,1,4086
0.29859499193234706,0.5720614496290594,-1.0335680258317494,-1.9177829992502036,0,1,0,0,1,0,0,1,0,1,7030,0,1,7030
1.4702602876119428,-0.04921671333528854,-1.179987859660248,0.8322519792818688,0,0,1,0,1,0,0,1,0,0,7112,0,1,7112
0.8884255622798587,0.28121945264119047,-0.4417878641082338,0.0,0,1,0,0,1,0,0,0,0,1,4788,1,0,4788
-1.2464712841327914,0.6114279932450111,0.589251799100778,-2.272823055625272,1,0,0,0,1,0,0,1,0,0,3243,1,0,3243
-0.8403396484504536,0.5382211442271065,-1.3630126519458714,1.5421948910420908,0,1,0,0,0,1,0,0,0,0,2121,0,1,2121
-0.7157003665316276,0.9652969267513173,-1.5216341385934116,-0.976035404477065,1,0,0,0,1,0,0,1,0,0,4322,0,1,4322
0.8727016458749106,0.2183569122252291,-0.33197298873685976,1.5754264150203299,0,0,1,0,0,1,0,1,0,0,5870,0,1,5870
-1.191440690362286,0.5799651084019385,-0.39298125283206753,1.160212892910654,0,0,0,1,0,1,0,1,0,0,3959,0,1,3959
-0.9123271627638001,0.24190349244138662,-1.5887432290981403,-0.5969274060291001,1,0,0,0,1,0,0,1,0,0,4023,1,0,4023
1.5448321287799636,-1.2758607611297275,-1.619247361145744,0.9465837305090427,0,0,1,0,1,0,0,0,0,0,3840,0,1,3840
1.128095412053021,-0.27730998259352635,-1.454525048088683,-0.04631817018800827,0,0,1,0,1,0,0,1,0,0,7347,0,1,7347
-0.2125599507477925,2.4674726360515105,0.04627824865342857,-1.0693031931999966,0,1,0,0,1,0,0,1,0,0,5558,0,1,5558
-1.4941120697468784,0.14754012962024288,-0.18555315490836102,-0.5909050046823265,1,0,0,0,1,0,0,0,0,0,1472,1,0,1472
-0.8773235452936164,-0.6926630584258058,1.138326175957648,-0.9318133590962016,1,0,0,0,1,0,0,0,0,0,2046,0,1,2046
1.7414589250121362,-0.5761188676244574,0.35131956912946755,-1.2648795937707524,0,0,1,0,1,0,0,1,0,0,6207,0,1,6207
0.3182109668533713,-1.621829829619368,-0.9664589353270208,0.7329617892121637,0,0,0,1,1,0,0,0,0,0,5511,1,0,5511
-1.06559331348007,2.3101835035442204,0.863788987529213,-0.5006411955280492,1,0,0,0,0,1,0,1,0,0,3623,0,1,3623
0.8490628392716697,-0.9692531779144236,1.6202914623097897,0.6336715991424586,0,0,1,0,1,0,0,0,0,0,5046,1,0,5046
-0.8572903416996689,-0.7491015049911722,0.8759906403482546,0.3027067059450192,1,0,0,0,0,1,0,1,0,0,4128,0,1,4128
-0.06315472207947002,-1.024313226389799,-0.08183910594650778,-0.6179841474286097,0,1,0,0,1,0,0,0,0,0,3267,0,1,3267
0.3732726970920054,-0.5288107276735196,-0.7041233997176273,-0.3351623594816958,1,0,0,0,1,0,0,1,0,0,6192,0,1,6192
-0.41699577318662023,-0.6940414565157957,1.717904684862122,0.0,0,0,0,1,1,0,0,0,0,0,3974,0,1,3974
0.7626093218657712,-0.4580951119008263,1.6996022056335598,0.8683575029435797,0,1,0,0,0,1,0,0,0,0,4010,0,1,4010
-0.10246762673865313,-0.32431462204758577,-1.3325085198982676,-0.8376284900722623,0,0,0,1,1,0,0,1,0,0,6824,1,0,6824
1.391516159714688,-0.8275690292883052,0.8210832026625675,-0.2569289108115004,0,0,1,0,1,0,0,0,0,0,4665,0,1,4665
0.8412538130650145,-0.7253399452563922,-1.6314490139647857,0.46818554199137263,0,0,0,1,0,1,0,1,0,0,7393,0,1,7393
-0.1182662706671096,1.6889559239960186,1.5592831982145818,-1.5808029258107232,0,1,0,0,1,0,0,0,0,0,4189,0,1,4189
-1.5334187471124356,2.003521543156558,-1.0884754635174363,0.19439013495988638,1,0,0,0,0,1,0,1,0,0,2114,0,1,2114
1.1164192365047927,-1.126643477254005,0.339117916310426,-1.659029153376186,0,0,1,0,1,0,0,0,0,0,5362,0,1,5362
-0.03183766243571402,2.608941805159006,0.503840229367487,0.49526468473765584,0,0,0,1,0,1,0,1,0,0,4459,1,0,4459
-1.0341454806701738,1.5551248507266318,-0.7468291845842727,-1.2979739167590767,0,0,0,1,1,0,0,0,1,0,3368,0,1,3368
0.03504969839816605,-0.025606903848947593,1.2176369192814183,0.6667659221307828,0,0,1,0,0,1,0,0,0,1,4511,1,0,4511
0.8048552818226694,-1.2998284482853042,-1.2653994293935389,0.47786904343744346,0,0,1,0,1,0,0,0,0,0,4713,0,1,4713
-0.9593619115188783,-0.05245405196865941,-0.8627448863651676,0.14821117019655822,1,0,0,0,1,0,0,1,0,0,3598,0,1,3598
0.8412538130650145,-0.9377397096552036,-1.5887432290981403,0.6998674662238396,0,0,0,1,0,1,0,1,0,0,7328,0,1,7328
-0.16930516922352737,1.4137568484514285,-0.3868804264225468,-1.0572728327159147,0,1,0,0,1,0,0,0,0,0,3744,1,0,3744
1.1321493802033666,-0.6310777492675411,0.09508485992959481,-0.7714326229908813,0,0,1,0,1,0,0,1,0,0,7605,0,1,7605
-0.7432810499999505,0.0217138819560269,-0.8810473655937299,-1.662040354049573,1,0,0,0,1,0,0,1,0,0,4363,0,1,4363
0.33798262411503893,0.12382915330160933,0.5648484934626948,0.0,0,1,0,0,0,1,0,0,0,0,3855,0,1,3855
0.7783581474452222,0.28890813189544606,0.22930304093905196,1.4971929663501344,0,1,0,0,0,1,0,1,0,0,4972,0,1,4972
-0.03959687029336345,2.915818745065291,0.07068155429151168,0.07403598238593906,0,0,0,1,1,0,0,0,0,1,4195,0,1,4195
-1.7613626029883638,0.3598766647488713,-0.6248126563938572,-0.9278922992265396,1,0,0,0,1,0,0,1,0,0,3292,0,1,3292
-0.6960843916106033,-0.5604759461811774,0.4977394029579662,-0.9369186801419673,1,0,0,0,1,0,0,1,0,0,4375,0,1,4375
0.5267505757915503,1.3193302563601017,-0.8749465391842091,0.4320800183296617,0,1,0,0,0,1,0,1,0,0,5728,0,1,5728
-1.183575618512999,-0.7648076557046352,-0.14894819645123636,1.5994943570932263,1,0,0,0,0,1,0,1,0,0,2177,0,1,2177
0.31435004480542394,-0.02570807068124053,1.4860732813003326,0.0,0,1,0,0,1,0,0,0,0,0,4864,0,1,4864
1.1282012760446587,-0.340172523009488,0.3025129578533013,-1.2708947740127936,0,0,1,0,1,0,0,1,0,1,8173,0,1,8173
1.3325623709599776,-0.41098930561447394,-0.10014158517507013,0.0,0,0,1,0,1,0,0,0,0,0,4592,0,1,4592
0.18850266792320772,1.1383427933882162,-0.9969630673746247,-1.0061185267920023,0,0,0,1,1,0,0,0,0,1,5041,1,0,5041
-0.08277069700049426,0.20249901126332684,-1.4789283537267661,-0.988065764961147,1,0,0,0,1,0,0,1,0,0,5298,0,1,5298
-1.15999285755239,0.35977549791657876,-1.3325085198982676,1.0789754646718044,1,0,0,0,0,1,0,0,0,1,1891,0,1,1891
-1.0695912359877835,1.4137568484514285,-1.3874159575839546,1.0157907982638104,0,1,0,0,0,1,0,1,0,1,3214,0,1,3214
-0.03951591547622915,-0.03329558310320318,0.2903113050342597,-0.8526700512297309,1,0,0,0,1,0,0,1,0,0,4579,0,1,4579
-1.2110317561088075,-0.7804126395858054,1.4860732813003326,-0.7353270993291704,1,0,0,0,1,0,0,1,0,0,3272,0,1,3272
0.33785807824252434,-0.18273164025376046,1.193233613643335,0.15828461129817545,0,0,0,1,1,0,0,0,0,0,4826,0,1,4826
0.90801662802638,0.6665386251365337,-1.6009448819171819,0.6276564189004177,0,0,1,0,0,1,0,1,0,0,6053,1,0,6053
0.4599068060130502,-0.528861311089667,-1.295903561441143,0.823225598366441,0,1,0,0,0,1,0,1,0,0,6359,1,0,6359
-1.3133088266176656,0.029554311458721543,1.6507955943573935,-0.4615316922976841,1,0,0,0,1,0,0,1,0,0,3830,0,1,3830
1.3326682349516152,0.5642716035425123,0.808881549843526,0.931542169351574,0,0,1,0,1,0,0,1,0,0,6864,0,1,6864
-1.7102489769084375,2.1529576003071162,-0.7834341430413974,-0.6360369092594652,1,0,0,0,1,0,0,0,0,0,1530,0,1,1530
0.12560700230341545,1.0518704434859136,0.4489327916818,0.8172104181244001,0,1,0,0,0,1,0,0,0,0,2034,0,1,2034
-0.31479343020127043,-1.1657887184243132,-0.8078374486794805,0.8322519792818688,0,0,0,1,1,0,0,0,0,0,4381,1,0,4381
1.0220508289006014,0.6193822354340353,0.3025129578533013,0.20040531520192736,0,1,0,0,1,0,0,0,0,0,4679,0,1,4679
-1.3093420405780807,0.3046648660250557,-1.6436506667838273,-1.625934830387862,1,0,0,0,1,0,0,1,0,0,3624,0,1,3624
-0.6763189616425617,1.9908377515578446,0.28421047862473897,0.6505473209019422,1,0,0,0,0,1,0,1,0,0,2935,0,1,2935
-0.3698489331462786,-0.38722774587969394,-0.5943085243462533,-0.034280588599193765,1,0,0,0,0,1,0,1,0,0,4066,1,0,4066
0.8215631106204815,0.1946459359065952,0.5465460142341325,0.8292407786084821,0,1,0,0,0,1,0,0,0,0,4492,0,1,4492
0.9041245695103038,-0.1749291483131753,-1.4179200896315585,-0.16366112208856884,0,0,1,0,1,0,0,1,0,0,7865,1,0,7865
0.7665262895563504,-0.8749403985094251,-0.9237531504603753,0.5193398479152849,0,1,0,0,1,0,0,1,0,0,7424,0,1,7424
0.40077865303681953,-0.7335091669640386,1.028511300586274,1.0278211587478923,0,1,0,0,0,1,0,1,0,1,6421,0,1,6421
-0.6598041789471469,0.1443786661110917,0.5953526255102987,1.0869547854010426,1,0,0,0,0,1,0,0,0,0,2192,0,1,2192
-0.0001594197616661222,0.1789903686092788,0.4855377501389247,0.6065924563961754,0,0,0,1,1,0,0,0,0,0,4456,0,1,4456
-1.0148906887794413,0.2694714542411849,0.6502600631959857,1.440305103268743,0,0,0,1,0,1,0,1,0,0,1096,0,1,1096
-2.013505721893848,0.3823483473719178,0.6136551047388611,-1.3619456835828962,1,0,0,0,1,0,0,0,0,0,1538,0,1,1538
0.7664764712073445,-0.7805138064180994,-0.7834341430413974,0.7811048944626892,0,0,1,0,0,1,0,1,0,0,6530,0,1,6530
0.24745645667791796,-0.3951819880687181,1.6751988999954766,-0.6119689671865688,0,1,0,0,1,0,0,0,0,0,4714,1,0,4714
0.6012975077850682,-0.43438413558219274,-1.234895297345935,0.0,0,1,0,0,1,0,0,1,0,0,7494,0,1,7494
-1.3859564340553385,-1.488636107393426,-1.1677862068412064,0.6945021854077091,1,0,0,0,1,0,0,0,0,0,1096,1,0,1096
-0.5778467675390194,0.9978094174794291,1.2420402249195013,-0.7120462576720994,1,0,0,0,1,0,0,0,0,0,2417,1,0,2417
-0.5702121055538842,0.8866902980597843,1.3640567531099168,-1.5115958580559556,1,0,0,0,1,0,0,1,0,0,4509,0,1,4509
1.1124275412907048,-0.3402231064256345,1.4677708020717701,-1.460448773236776,0,0,1,0,1,0,0,0,0,0,4792,0,1,4792
-1.4352890541583083,-0.8512800056069377,0.2659079993961766,0.9165006081941052,1,0,0,0,0,1,0,1,0,0,1341,1,0,1341
0.569849674975172,0.6351389695636446,0.06458072788199092,-0.0854276734183734,0,1,0,0,1,0,0,0,0,1,3944,0,1,3944
-0.7943946760798767,0.3833347239867729,-1.5521382706410156,1.196318416572365,0,0,0,1,0,1,0,0,0,0,2918,1,0,2918
-1.0864236106581107,0.21013710710143596,1.7362071640906844,0.8357830994959844,1,0,0,0,0,1,0,0,0,0,1650,0,1,1650
-0.42096878651983066,0.7294517489686418,-0.7224258789461896,-1.2408044305931236,0,1,0,0,1,0,0,1,0,1,5633,0,1,5633
-1.2582284144981546,0.6586855497798011,0.7417724593387974,1.2986125862107243,0,1,0,0,0,1,0,0,0,0,1865,0,1,1865
0.4479504022516637,-0.8670873231526948,0.4489327916818,-1.051250431369141,0,1,0,0,1,0,0,1,0,0,7429,1,0,7429
1.4781253594612298,-0.7884174651909761,0.7417724593387974,0.20341651587531412,0,0,1,0,0,1,0,1,0,1,7013,0,1,7013
1.7728818486475293,-0.5288107276735196,1.0163096477672324,-0.4163997877205454,0,1,0,0,0,1,0,0,0,0,3915,0,1,3915
0.3537376769881158,-0.8513811724392305,-1.5094324857743702,1.259503082980359,0,0,0,1,0,1,0,1,0,0,7359,0,1,7359
0.9591053449318032,-0.30855788791797645,0.13168981838671948,0.5133174465685113,0,0,1,0,1,0,0,0,0,0,4785,0,1,4785
-0.7274761787778677,-1.079322691449029,-0.11844406440363246,0.55844935114565,0,0,0,1,1,0,0,0,0,0,3669,0,1,3669
-0.4327445987660712,1.0126682959724393,0.1804964296628857,-0.025254207683766027,0,0,0,1,0,1,0,0,0,0,4046,0,1,4046
-0.8926551422001441,-0.15923564345374905,-0.3380738151463805,-0.6721424329211761,0,0,0,1,1,0,0,1,0,0,5107,1,0,5107
-1.2464463749582884,-0.8827302445959734,1.3030484890147092,1.1090585869867418,1,0,0,0,0,1,0,1,0,1,2832,1,0,2832
-1.107029725265624,0.17725788660626401,-0.9298539768698961,-0.22854274810866362,1,0,0,0,1,0,0,1,0,0,3777,0,1,3777
0.15306313989922377,0.6115923893474867,1.0468137798148363,-1.2197476891936139,0,1,0,0,1,0,0,0,0,1,4595,0,1,4595
-2.3292849316312227,0.6942583371847714,1.1749311344147728,-1.3682208235953013,1,0,0,0,1,0,0,0,0,1,986,1,0,986
-0.7315239196345873,0.28905988214388545,-0.008629189032258441,-0.6149801678599556,0,0,0,1,1,0,0,1,0,0,5992,0,1,5992
0.8845335037637825,1.1776966911501299,0.0035724637867831175,-0.46453567186633826,0,1,0,0,1,0,0,1,1,0,6370,0,1,6370
0.34571692279818544,-0.8985881455578757,-1.1616853804316858,0.04996804031304263,0,1,0,0,1,0,0,0,0,0,4182,0,1,4182
-1.3918785902934,0.6508451202771075,-0.48449364897487923,-0.4705580732131118,0,0,0,1,0,1,0,0,0,0,2739,1,0,2739
-1.3565386989674277,-0.45814569531697275,-1.0823746371079155,-0.25994011148488716,1,0,0,0,0,1,0,1,0,0,3095,0,1,3095
0.5136109862412765,0.013253805605538361,-0.3380738151463805,2.2643053642763102,0,0,1,0,0,0,1,0,0,1,1842,0,1,1842
-2.221329192065068,2.1529576003071162,0.589251799100778,-1.3852265252399674,1,0,0,0,1,0,0,0,0,0,822,1,0,822
0.6329508412846128,-0.9298360508823257,0.9980071685386701,1.8732969852294445,0,0,0,1,0,1,0,0,0,1,4120,0,1,4120
0.2670973407734451,-0.5289624779219586,-1.4179200896315585,0.49526468473765584,0,1,0,0,1,0,0,1,0,0,7290,0,1,7290
1.4466775266513336,-0.3165627135231471,-0.3014688566892558,0.6637619425621286,0,0,1,0,1,0,0,1,0,1,6031,1,0,6031
1.0770316043221009,0.5643727703748037,1.7057030320430806,-0.34418874039712355,0,0,1,0,1,0,0,0,0,0,4725,0,1,4725
0.7035558964130494,-0.34802559836621966,-0.4966953017939208,0.4621703617493317,0,0,0,1,0,1,0,1,0,0,7415,0,1,7415
-1.3447566594275617,0.6115291600773036,-1.015265546603187,-0.33215115880830903,0,0,0,1,1,0,0,0,0,0,3322,0,1,3322
1.5055005422399035,-0.33221828082046384,-0.8383415807270844,-0.18471786348807848,0,0,1,0,1,0,0,1,0,0,6591,0,1,6591
-0.9594490936296384,0.4777486702240631,-0.8566440599556467,-0.29003045490455714,0,0,0,1,0,1,0,0,0,0,3747,0,1,3747
-1.1167131668536219,-0.9455422015957899,0.14999229761528182,-0.6209953481019965,1,0,0,0,0,1,0,1,0,0,3831,0,1,3831
-0.5467352085849123,-1.5589698183742136,-0.8383415807270844,0.4019968960147243,0,0,0,1,1,0,0,0,0,0,3068,1,0,3068
0.4361932718863006,0.5722258457315365,0.9125955988053792,-0.06135973134547697,1,0,0,0,1,0,0,1,0,0,5847,0,1,5847
1.5723879030737835,-1.0163589842007748,0.6319575839674234,0.07704718305932584,0,1,0,0,1,0,0,0,0,0,3982,0,1,3982
0.16092198445488484,0.8394706790871024,1.717904684862122,-1.0301936899696313,0,0,0,1,1,0,0,0,0,1,5217,1,0,5217
1.953685091776742,-0.3323700310689029,-0.8505432335461259,-0.9910769656345337,0,0,1,0,1,0,0,1,0,0,5463,0,1,5463
-0.4995323229019396,0.5408767735747938,-0.5149977810224831,-0.4194037672891996,1,0,0,0,1,0,0,1,0,0,4773,0,1,4773
-2.3117308136296746,2.750625953785123,-0.5821068715272116,-1.1655894037010475,1,0,0,0,1,0,0,1,0,0,1529,1,0,1529
0.2867631340434752,-1.4803543375848538,1.5348798925764986,0.04094165939761489,0,1,0,0,1,0,0,0,0,0,4333,1,0,4333
-1.3014520595542909,-0.9141425460229007,-0.06963745312746623,-0.3742718627120609,1,0,0,0,1,0,0,0,0,0,2423,0,1,2423
-1.4146331212017884,-1.23407000729496,-0.3990820792415883,-1.465554094282542,1,0,0,0,1,0,0,0,0,1,1917,0,1,1917
-1.2346394262439195,1.4214961111218305,-0.5210986074320039,-0.5668370626094301,0,0,0,1,0,1,0,1,0,0,5035,0,1,5035
-0.453132758096685,1.2391176042059187,-1.6375498403743065,0.0,1,0,0,0,0,1,0,0,0,1,1446,0,1,1446
-1.4598183637500273,1.8924782988611337,1.473871628481291,-0.5393679802076005,1,0,0,0,1,0,0,0,0,1,1872,0,1,1872
-1.6984980738367004,0.4306428639377111,0.11948816556767793,-2.2216759708060927,1,0,0,0,1,0,0,0,0,0,1685,0,1,1685
0.7153317086592895,-0.30081862524757574,0.05847990147247013,-1.1144350977771351,0,1,0,0,1,0,0,0,0,0,5180,0,1,5180
-0.9280510791687481,-0.03335881237338767,-1.076273810698395,-0.7714326229908813,0,0,0,1,1,0,0,0,0,0,3926,1,0,3926
-0.9757147845800244,0.7599029654887858,1.7667112961382883,-1.462412913723973,1,0,0,0,1,0,0,0,0,0,2115,0,1,2115
-0.8258985545324041,-0.0019970943626069905,1.4006617115670414,-1.1625782030276606,1,0,0,0,1,0,0,1,0,0,3425,1,0,3425
0.7586113993580575,1.9720207207513771,-0.3441746415559013,-1.8245152105272722,0,0,1,0,1,0,0,1,0,0,7442,0,1,7442
-0.37760814100392837,-1.5511711201898397,-0.32587216232733895,0.6908410853084118,0,0,0,1,1,0,0,0,0,0,4205,0,1,4205
0.5030868600138065,1.0046634703672686,-1.454525048088683,0.6005772761541345,0,0,1,0,0,1,0,0,0,0,3659,0,1,3659
-0.5153122849495191,-1.3860896124251965,0.4306303124532377,0.6697771228041696,0,0,0,1,1,0,0,0,0,1,4186,0,1,4186
-0.14183034974684172,-1.1422863986972835,-1.5094324857743702,0.0,0,0,0,1,1,0,0,1,0,1,7461,0,1,7461
0.4912051837759288,0.006007731242564028,-0.2587630718226104,1.3347181098724352,0,1,0,0,0,1,0,0,0,0,4191,1,0,4191
-0.20851220989107294,2.105535647669849,1.7606104697287674,1.8341802608943474,0,0,0,1,0,0,1,1,0,1,22,0,1,22
-0.2911546235980299,1.0517692766536206,0.8271840290720883,-2.685025377061561,0,1,0,0,1,0,0,1,0,0,6857,1,0,6857
-1.4352890541583083,0.501459646542697,0.9003939459863377,-0.39834702588968995,0,0,1,0,1,0,0,1,0,0,7148,0,1,7148
-1.098853288735051,-0.4792769174121392,0.06458072788199092,-0.027608287826509738,1,0,0,0,1,0,0,1,0,0,3784,0,1,3784
-0.3462163538366643,-0.2457459309181612,-0.4600903433367961,0.3628801716796266,0,1,0,0,0,1,0,1,0,0,6041,1,0,6041
-0.10264821825379908,0.5170014011536828,-1.7107597572885558,2.3366463914849147,0,0,0,1,0,0,1,0,0,0,2594,0,1,2594
1.5449379927716012,-0.9849593286278866,0.19879890889144805,-0.24489855032741845,0,0,1,0,1,0,0,1,0,0,6211,0,1,6211
-0.373765900836858,1.2721232832414568,-0.6797200940795441,0.9225157884361462,0,0,0,1,0,1,0,0,0,0,2429,1,0,2429
0.4088180891076269,-0.8906339033688513,-0.8200391014985221,1.3136613684729255,0,1,0,0,1,0,0,1,0,1,6093,0,1,6093
-1.0864236106581107,-0.9633349182252914,-1.4057184368125168,-0.5079706168313763,0,0,0,1,1,0,0,1,0,0,5323,0,1,5323
1.230509483021645,0.42273920516483304,1.6812997264049974,0.9526061318558161,0,0,1,0,0,1,0,0,0,0,4040,0,1,4040
0.8411728582478798,0.5799777542559751,0.6929658480626312,0.9345533700249606,0,1,0,0,0,1,0,1,0,1,4127,0,1,4127
-0.8415415161202179,0.4541388607377211,0.973603862900587,0.48323432425357393,0,0,0,1,1,0,0,1,0,0,4669,1,0,4669
1.3995057774364894,-0.9458077645305574,-0.15504902286075714,0.5614605518190368,0,0,1,0,0,1,0,1,0,0,7273,0,1,7273
1.0967036248857567,-1.1031348345999556,-0.39298125283206753,0.3478386105221579,0,0,1,0,1,0,0,0,0,0,5191,1,0,5191
-0.34624126301116653,0.7450567328498118,-0.2770655510511727,1.3948987967117752,0,1,0,0,0,1,0,0,0,1,2162,0,1,2162
0.6642928101028721,-1.3781341056507674,-0.2282589397750065,0.08005116262798002,0,0,1,0,1,0,0,1,0,0,7804,0,1,7804
-0.23233160800945976,-0.017602078243776926,1.7789129489573299,2.159129973849746,0,0,0,1,0,1,0,1,0,0,5170,0,1,5170
0.7666570627224901,0.46989559486733185,-0.5821068715272116,1.5874567755044118,0,0,1,0,0,1,0,1,0,0,5255,1,0,5255
0.3693308202269234,-0.9298866342984722,1.528779066166978,-0.055344551103436,0,0,1,0,1,0,0,1,0,1,7720,0,1,7720
-1.3486549452372638,0.4935054043536728,0.22320221452953118,-0.9459450610573951,0,1,0,0,1,0,0,0,0,0,2210,0,1,2210
0.7586113993580575,-0.843376346834061,-0.9969630673746247,-0.5608218823673892,0,0,1,0,1,0,0,0,0,1,5204,0,1,5204
0.19628678495536006,-2.1410470984104926,1.5348798925764986,0.4200496578455798,0,0,0,1,1,0,0,0,0,0,4985,0,1,4985
-0.6252987449670212,-0.30850730450182995,0.27810965221521816,-0.5547994810206156,0,0,0,1,1,0,0,0,1,0,1495,0,1,1495
-0.38952095370993456,0.2260961748956308,-0.5516027394796078,-0.166665101657223,1,0,0,0,1,0,0,0,0,0,2744,0,1,2744
1.7296021579487613,-0.2930161333069906,0.7356716329292766,0.0,0,0,1,0,1,0,0,1,0,1,5531,1,0,5531
-1.9382986967760032,0.7531627252872755,0.8027807234340052,-1.4935430962251002,1,0,0,0,1,0,0,1,0,1,2311,1,0,2311
1.3521534367064991,-0.6704442928834914,-0.8322407543175636,0.49226070516900167,0,0,1,0,1,0,0,1,0,0,6966,0,1,6966
-0.8337075807390602,-1.834280177434326,1.7423079905002052,-0.6540896710903207,0,0,0,1,1,0,0,1,0,0,5087,0,1,5087
0.18842794039969898,-0.04905231723281287,-0.6431151356224195,0.03491925805084135,0,0,0,1,1,0,0,1,0,1,7691,0,1,7691
-0.9162441304543791,0.3676791566894565,-0.9725597617365416,-0.22684578849656298,1,0,0,0,1,0,0,0,0,0,2132,1,0,2132
-0.4445266383059369,-1.1816491485570229,-0.28926720387021426,2.0297494403603715,0,0,0,1,0,1,0,1,0,0,4585,0,1,4585
0.43222648584671564,-1.4488977756687997,1.4555691492527285,-0.10649163592261564,0,1,0,0,1,0,0,1,0,0,7055,0,1,7055
-0.14174939492970742,-0.9458077645305574,0.7905790706149637,-0.2810040739891294,0,1,0,0,1,0,0,1,0,0,6304,1,0,6304
-0.00025905645967777395,-0.9378535223415342,1.5165774133479364,-0.38329824362748866,0,0,0,1,1,0,0,1,0,0,8090,1,0,8090
-0.7275571335950024,-1.4960566945421057,0.2720088258056974,1.0368475396633199,1,0,0,0,0,1,0,1,0,1,4075,0,1,4075
1.741514970654768,-0.9220462047957784,-0.28926720387021426,-0.4194037672891996,0,0,1,0,1,0,0,1,0,0,5905,0,1,5905
1.0771374683137382,0.2419540758575331,0.28421047862473897,1.0518963219255213,0,0,1,0,0,1,0,0,0,0,3542,0,1,3542
-1.2013047234654297,1.293178630212403,0.6136551047388611,-0.881583354578029,1,0,0,0,1,0,0,0,0,0,2302,0,1,2302
0.04696251110417224,-0.7176006825859902,1.693501379224039,-0.03729178927258053,0,0,0,1,1,0,0,0,0,0,4765,0,1,4765
0.023379750143563097,2.1054850642537026,-0.9420556296889376,-2.2276911510481336,0,1,0,0,1,0,0,1,0,1,5585,0,1,5585
0.6957655520872711,-1.1343321565082594,0.8149823762530467,1.0729530633250308,0,1,0,0,0,1,0,1,0,0,5260,0,1,5260
0.30664065529677964,-1.4331954187115477,-0.7773333166318767,2.502132448636,0,0,0,1,0,1,0,0,0,0,2395,0,1,2395
2.0637462793177526,-0.7648076557046352,1.248141051329022,-0.9098395373956841,0,0,1,0,1,0,0,0,0,0,3285,1,0,3285
0.40485130306804196,-0.6783479516563694,0.4489327916818,1.23542791980273,0,1,0,0,1,0,0,1,0,0,6169,0,1,6169
0.33009887038487495,0.2260455914794847,0.558747667053174,-0.09145007476514695,0,1,0,0,0,1,0,1,0,0,7001,0,1,7001
-1.2464712841327914,-0.2929655498908431,-0.4051829056511091,-1.559738963306481,0,0,0,1,1,0,0,0,0,0,3392,0,1,3392
-0.546654253767778,1.9484614946811827,-1.5216341385934116,-0.8135605479993657,1,0,0,0,1,0,0,1,0,0,4916,0,1,4916
-0.81404178746903,-0.09620870693531133,1.2908468361956675,-0.004190245179523783,0,0,0,1,1,0,0,1,0,0,5267,0,1,5267
0.11769211210512232,1.5473855880562297,-1.155584554022165,-0.533742739621106,0,1,0,0,1,0,0,1,0,0,6572,0,1,6572
0.4361434535372947,1.1619905404366666,-1.3142060406697051,0.41102327693015206,0,1,0,0,1,0,0,1,0,0,6624,1,0,6624
-1.1796337416479172,0.8473743378599801,-0.24656141900356882,0.4350912190030485,0,1,0,0,0,1,0,0,0,1,2227,0,1,2227
0.479603735751209,0.2654627185115811,0.17439560325336492,1.1812696343101636,0,1,0,0,0,1,0,1,0,0,2843,0,1,2843
0.7626093218657712,0.1867928605498636,-1.6924572780599936,0.45013278016051717,0,1,0,0,0,1,0,0,0,0,3767,0,1,3767
-1.9619125942047413,2.042837503356363,-0.08793993235602857,-1.2197476891936139,1,0,0,0,1,0,0,0,0,0,1543,0,1,1543
1.5448881744225953,0.1946459359065952,-0.2770655510511727,0.36889535192166756,0,1,0,0,0,1,0,0,0,0,3974,0,1,3974
-1.3997187529681843,-0.42663222705775405,1.5348798925764986,-0.9188659183111119,1,0,0,0,0,1,0,0,0,0,1248,1,0,1248
0.25509734595667877,0.6530202071714035,-1.4484242216791623,1.944063811606398,0,0,0,1,0,0,1,0,0,0,2424,0,1,2424
-0.782643773008139,-0.2614520816316241,-0.8322407543175636,-0.7323231197605161,0,0,0,1,1,0,0,1,0,0,5698,0,1,5698
0.7861920828263804,-1.5826807946928472,-0.07573827953698702,1.2113599777298336,0,0,0,1,0,1,0,1,0,0,7572,0,1,7572
-1.3526217312768487,2.9078139194601205,-0.4295862112891922,-1.662040354049573,1,0,0,0,1,0,0,1,0,0,2732,1,0,2732
0.9827192423605412,-3.5099295793718614e-16,1.193233613643335,-0.15162354049975432,0,0,1,0,1,0,0,0,0,0,5130,0,1,5130
-0.9673577565343053,-1.3781859536523189,0.8271840290720883,0.5042910656530836,0,0,0,1,1,0,0,0,0,0,3620,0,1,3620
1.0259179782421746,-1.2287549548433752,1.4433674964336871,-0.8135605479993657,0,0,1,0,1,0,0,0,0,0,5305,1,0,5305
1.0613886427342873,-0.3557648610366217,-1.4911300065458077,0.8803950845323942,0,1,0,0,1,0,0,0,0,0,4460,1,0,4460
1.5920287871693106,-0.2929149664746966,-0.6248126563938572,-1.1565630227856196,0,0,1,0,1,0,0,0,0,0,4475,1,0,4475
1.0298660824008825,-3.5099295793718614e-16,-0.051334973898903895,-0.2960456351465981,0,0,1,0,1,0,0,0,0,0,5923,1,0,5923
0.08624427929522618,0.01369641049681821,-0.7407283581747519,1.8732969852294445,0,1,0,0,0,1,0,1,0,0,3372,1,0,3372
0.37716475560808155,-0.1356258339674081,1.6507955943573935,-1.1294838800393365,0,1,0,0,1,0,0,1,0,1,6436,0,1,6436
0.5777894743479678,0.5248544765104155,1.388460058748,0.0,0,1,0,0,0,1,0,1,0,0,4359,0,1,4359
0.408793179933124,1.0831689322265101,-1.234895297345935,1.5302945104431913,0,1,0,0,0,1,0,0,0,0,4123,0,1,4123
1.5567200323114672,0.3046648660250557,1.2054352664623766,0.11916788696307774,0,0,1,0,0,1,0,1,0,1,7175,0,1,7175
0.9434623833439898,0.39117515348946785,1.3396534474718338,1.3828612151229607,0,0,1,0,0,1,0,0,0,0,3820,1,0,3820
1.0652308829013577,1.2720094705551261,0.0035724637867831175,-2.3179549602024108,0,1,0,0,1,0,0,0,0,1,4968,0,1,4968
-0.09862538657158244,0.07667276359911052,-1.3508109991268298,1.3497668921346364,0,0,0,1,0,1,0,0,0,0,2659,0,1,2659
-1.0263115452890157,0.5643221869586587,-1.515533312183891,-0.951960241299436,0,0,0,1,1,0,0,1,0,0,5259,0,1,5259
1.0220259197260984,-1.0636671241517126,0.4855377501389247,0.23349963819025152,0,0,1,0,0,1,0,0,0,0,4708,0,1,4708
-0.9241590206526716,0.4462984312350275,1.0224104741767532,1.5182569288543768,0,1,0,0,0,1,0,0,0,0,1471,0,1,1471
-0.5310362013544672,0.9024470321893933,0.3025129578533013,-1.1204574991239087,0,1,0,0,1,0,0,0,0,0,2808,0,1,2808
0.40874336158411817,0.9651957599190257,0.09508485992959481,0.275627563198736,0,0,0,1,1,0,0,1,0,0,7965,1,0,7965
1.2618265426654014,-0.25354842285874635,0.19879890889144805,-1.4694751541522038,0,0,1,0,1,0,0,1,0,0,6879,0,1,6879
-1.5688146840810395,0.13973763767965808,-0.9481564560984584,-1.2708947740127936,1,0,0,0,0,1,0,1,0,0,3163,0,1,3163
0.263516646938655,1.9252437066699764,0.14389147120576104,1.8844174865172525,0,0,1,0,0,0,1,0,0,0,2710,0,1,2710
0.8018910900568256,1.4372022618352938,-0.20385563413692337,-0.9489562617307818,0,1,0,0,1,0,0,0,0,0,5020,0,1,5020
-0.5742349372361009,-1.1735874166086873,1.168830308005252,0.12819426787850546,0,0,0,1,1,0,0,0,0,0,2792,0,1,2792
-1.1874925862035781,-0.06485963477856868,-1.3264076934887468,-0.6360369092594652,1,0,0,0,1,0,0,0,0,0,1969,1,0,1969
0.4990640283315899,0.31250529552775036,-1.0274671994222286,0.853315941786111,0,1,0,0,0,1,0,1,0,0,4717,0,1,4717
1.0298100367582508,1.075530836388401,1.528779066166978,-1.1264726793659496,0,0,1,0,1,0,0,0,0,0,4758,0,1,4758
0.35757368986156024,-1.2285968816679176,-0.8444424071366052,0.0,0,0,0,1,1,0,0,1,0,0,7466,0,1,7466
-0.9798559348411293,0.6040301686335973,-1.6741547988314311,-0.8596023117727797,1,0,0,0,1,0,0,0,1,0,1317,0,1,1317
1.1990367410372467,0.1867422771337175,-0.8139382750890013,0.8382671595239098,0,0,1,0,1,0,0,0,0,0,4940,1,0,4940
1.0967285340602597,-1.6139792834334437,1.2603427041480637,1.3648084532921052,0,0,1,0,0,1,0,1,0,0,5810,1,0,5810
0.5699742208476866,-1.43298549753454,1.3945608851575209,1.707810928078359,0,0,0,1,0,1,0,0,0,0,5423,1,0,5423
-0.7629219340954776,-1.755612848643416,-1.2470969501649767,-0.32913995813492225,0,0,0,1,1,0,0,1,1,0,2425,0,1,2425
0.628903100427894,0.42273920516483304,-1.1311812483840817,-0.8526700512297309,0,1,0,0,1,0,0,1,0,0,7132,1,0,7132
1.658822738598805,1.177494357485544,1.6629972471764352,-0.2117970062343617,0,0,1,0,1,0,0,1,0,0,6861,0,1,6861
0.9866860284001261,0.04526046217218477,1.5043757605288948,-0.9609866222148638,0,1,0,0,1,0,0,1,0,0,7338,0,1,7338
1.1321742893778695,-0.5524078913058236,0.5282435350055701,0.4621703617493317,0,1,0,0,1,0,0,1,0,1,6825,0,1,6825
0.6957406429127682,-0.4894947674737158,1.632493115128831,0.9435797509403884,0,1,0,0,0,1,0,1,0,0,6883,1,0,6883
-0.8887693109776935,-1.2680620629453532,-0.655316788441461,0.9165006081941052,1,0,0,0,0,1,0,1,0,0,3005,0,1,3005
-1.3957955579839794,2.341646388387294,-1.485029180136287,0.0,0,0,0,1,1,0,0,1,0,0,2277,1,0,2277
-0.9792207508913057,0.06887027165852537,-0.41128373206062985,0.20040531520192736,0,1,0,0,0,1,0,0,0,0,2252,1,0,2252
-1.6769080468363222,1.2917749404143404,-0.8383415807270844,1.707810928078359,1,0,0,0,0,0,1,0,0,0,506,0,1,506
-0.35807312090003846,1.909107596919269,1.4494683228432077,0.8322519792818688,1,0,0,0,0,1,0,1,0,0,3456,0,1,3456
0.05866359582690401,1.6180379745587399,1.3213509682432714,-1.3491210015782564,0,1,0,0,1,0,0,1,0,0,6133,0,1,6133
1.0927866571951776,-0.599576926862359,-0.8932490184127714,-1.3641697838404576,0,1,0,0,1,0,0,1,0,0,7498,1,0,7498
-0.6724954033563683,-1.11857542237865,-0.44788869051775454,-0.08843887409176017,0,0,0,1,1,0,0,1,0,0,5146,0,1,5146
-1.1284640699253592,-0.6310271658513946,-1.0640721578793533,-0.4163997877205454,1,0,0,0,1,0,0,0,0,0,1623,1,0,1623
-1.8046485209807577,-0.057120372108166624,1.248141051329022,-1.216736488520227,1,0,0,0,1,0,0,1,0,0,2493,1,0,2493
0.2788544711388083,-0.7175500991698437,1.2969476626051883,-0.3080832167354126,0,0,0,1,1,0,0,1,0,0,6889,1,0,6889
0.37324778791750246,-0.3715721785823775,0.20489973530096883,0.7419881701275914,1,0,0,0,1,0,0,1,0,0,6153,0,1,6153
1.2146298842760543,-0.2694063238206486,-1.320306867079226,-0.01622782676833829,0,0,1,0,1,0,0,1,0,0,6597,1,0,6597
0.8293721368271367,-0.5682657922677259,1.4799724548908118,-1.2317780496776958,0,0,1,0,1,0,0,0,0,0,5895,0,1,5895
-1.9343817290854242,0.9497551721403311,1.528779066166978,-0.6510856915216665,1,0,0,0,0,1,0,0,0,0,959,1,0,959
-0.6410724797209751,-1.150240640886308,-1.515533312183891,1.5363096906852323,0,0,0,1,0,1,0,1,0,0,3786,1,0,3786
-0.2754057980185789,0.48565232899694116,0.10118568633911558,-0.8737340137339732,1,0,0,0,1,0,0,0,0,0,2475,0,1,2475
-0.6410475705464722,-0.43443471899833885,0.040177422243907794,-0.3201135772194945,0,0,0,1,0,1,0,1,0,1,5986,0,1,5986
-0.5939007305061309,1.0438656178807428,0.13779064479624026,0.4350912190030485,1,0,0,0,1,0,0,0,0,0,2209,0,1,2209
0.1845109727091199,-0.6233890700132855,1.248141051329022,-0.9609866222148638,0,0,0,1,1,0,0,1,0,1,7436,0,1,7436
-0.4759495619413305,-1.6455939185249553,0.7783774177959221,-0.22082338714978944,0,0,0,1,0,1,0,0,0,1,3750,0,1,3750
-1.7849515912425988,-0.05700655942183707,0.9858055157196286,-0.16064992141518206,1,0,0,0,0,1,0,0,0,0,1501,0,1,1501
-0.4523356645125925,0.9418009299513069,-0.9359548032794168,0.0,0,0,0,1,0,0,1,0,0,1,705,0,1,705
0.5749871922163925,1.6790415744313205,0.3635212219485091,0.6568224609143479,0,1,0,0,0,1,0,0,0,0,3348,0,1,3348
0.3654387617108472,-0.9375373759906191,0.06458072788199092,1.4821514051926659,0,1,0,0,1,0,0,1,0,0,6871,0,1,6871
1.175373025259503,-0.5131551603762028,-1.6497514931933481,1.1902960152255915,0,0,1,0,1,0,0,1,1,0,6034,0,1,6034
-1.14390775811715,0.7435265845113829,0.11948816556767793,0.5155415468260727,1,0,0,0,0,1,0,0,0,0,1807,0,1,1807
1.3522032550555048,-0.10406178229204295,-1.5094324857743702,-0.34418874039712355,0,0,1,0,1,0,0,0,0,0,4881,1,0,4881
0.8411728582478798,-0.48170492138716725,-1.094576289926957,0.9225157884361462,0,0,1,0,1,0,0,0,0,0,5345,1,0,5345
0.7586363085325605,-0.3165627135231471,1.1749311344147728,-0.8797491939760141,0,1,0,0,1,0,0,1,0,0,7702,1,0,7702
-0.9319680468593272,1.9012545215625376,-1.2043911652983312,0.26660118228330826,0,0,0,1,0,1,0,1,0,0,4094,0,1,4094
-1.4744400491832226,2.72702879015282,-1.0213663730127078,-1.3340794404207876,1,0,0,0,1,0,0,1,0,0,1749,1,0,1749
0.6367930814516839,1.523826361986035,0.668562542424548,1.5122417486123358,0,1,0,0,0,1,0,0,0,1,3872,0,1,3872
0.7821692511441638,1.036063125940158,-0.6492159620319402,-1.701149857279938,0,1,0,0,1,0,0,1,0,0,6691,0,1,6691
-0.25978151831164215,-0.1277727586106765,-0.08793993235602857,-1.174615784616475,0,0,0,1,1,0,0,1,0,0,7570,0,1,7570
0.868678814192694,0.4855005787485018,-0.1672506756797987,0.7480033503696324,0,1,0,0,1,0,0,0,0,0,4758,1,0,4758
1.0613139152107787,0.22599500806333822,-1.6741547988314311,-1.0301936899696313,0,0,1,0,1,0,0,0,0,0,5202,1,0,5202
-1.9454725390328353,1.4280593093668283,0.9125955988053792,-0.19101466681468127,1,0,0,0,1,0,0,0,0,0,1162,0,1,1162
0.3221279345439504,1.4529589959649027,-0.8017366222699598,-0.2810040739891294,0,0,0,1,1,0,0,0,0,0,4486,0,1,4486
-0.4720014577826226,-0.7097981906454051,-0.39298125283206753,0.417038457172193,0,0,0,1,1,0,0,0,0,0,4068,0,1,4068
-0.22825895797823764,-0.9927997581305802,-0.9420556296889376,1.5603776327581287,1,0,0,0,0,1,0,1,0,0,4378,0,1,4378
0.5740530981725342,2.09778373914541,0.339117916310426,1.780021975401781,0,0,1,0,0,1,0,1,0,0,4073,0,1,4073
-0.074961670793839,-0.11986909983779877,-1.3813151311744338,-0.4886108350439673,0,0,0,1,1,0,0,1,0,0,7534,0,1,7534
1.5645539676926254,-0.3479244315339267,-0.6126110035748156,0.1372206487939332,0,0,1,0,1,0,0,1,0,0,6830,0,1,6830
0.48354561261629037,-1.2050958265262917,1.5897873302621857,1.9786023555411911,0,0,1,0,0,1,0,0,0,0,4352,0,1,4352
0.672182791126662,-0.9298866342984722,-0.9969630673746247,1.0097683969170368,0,1,0,0,0,1,0,1,0,0,6073,0,1,6073
1.3759167891822544,0.5956712591154013,1.1322253495481274,0.55844935114565,0,0,1,0,0,1,0,0,0,0,4790,0,1,4790
1.509548283096623,0.12376592403142625,0.1804964296628857,0.9165006081941052,0,0,1,0,1,0,0,0,0,0,3785,1,0,3785
-0.3186543522492181,-0.811862878574841,0.2659079993961766,0.23952203953702508,0,0,0,1,1,0,0,1,0,0,6852,1,0,6852
0.6170463333645192,-0.4738518460304356,0.9919063421291493,0.3087218861870602,0,0,0,1,1,0,0,1,0,0,8167,0,1,8167
-1.4429423980243206,0.46989559486733185,1.7057030320430806,-0.8647076328185455,1,0,0,0,1,0,0,1,0,0,3333,0,1,3333
-1.340740055038971,-0.5210082357329344,-0.06963745312746623,-1.1385102609547642,0,0,0,1,1,0,0,1,0,0,2424,1,0,2424
-0.2951214096376148,1.885598954265221,-0.9908622409651039,1.8943537266289554,0,1,0,0,0,0,1,0,0,0,795,1,0,795
0.48720726126821506,-0.6940414565157957,-1.155584554022165,-0.7413495006759439,0,1,0,0,1,0,0,1,0,0,7639,0,1,7639
0.21605844221702766,0.10032051064756131,0.6868650216531104,0.45314398083390395,0,0,0,1,0,1,0,0,0,0,4195,0,1,4195
-1.8557870562351868,0.39128896617579745,0.3574203955389883,1.4821514051926659,1,0,0,0,0,1,0,1,0,0,1301,1,0,1301
-0.5192292526400981,1.9328691566540492,-0.8322407543175636,1.5122417486123358,0,1,0,0,0,0,1,1,0,0,1027,1,0,1027
-1.1913846447196543,-0.22998919678855187,-0.38077960001302597,-0.42542616863597316,0,0,0,1,1,0,0,1,0,0,5686,0,1,5686
0.20028470746307378,-1.0242626429736525,0.20489973530096883,0.9375573495936149,1,0,0,0,0,1,0,1,0,1,7836,1,0,7836
1.0101940618372265,0.6192304851855959,-0.1733515020893195,-1.081340774788811,0,0,1,0,1,0,0,0,0,1,5084,0,1,5084
-1.4843227641672432,-0.7828279977067969,1.4494683228432077,-0.06528079121513895,1,0,0,0,0,1,0,0,0,0,1985,0,1,1985
0.617071242539022,-0.5917744349217738,-0.7590308374033142,-0.196755445076893,0,1,0,0,1,0,0,1,0,0,6978,1,0,6978
-1.3613461696464852,1.2604638058197062,-1.0640721578793533,-2.250452073164476,1,0,0,0,1,0,0,0,0,0,1815,0,1,1815
1.253992607284243,-0.5839213595650427,-0.051334973898903895,-1.0602768122845687,0,0,1,0,1,0,0,1,0,0,6891,1,0,6891
-1.215048360497398,0.4305922805215646,1.553182371805061,-1.9899940465736254,1,0,0,0,1,0,0,1,0,1,4118,1,0,4118
-0.09849461340544233,-0.9219829755255943,-0.5760060451176909,1.0549003014941754,0,0,0,1,1,0,0,0,0,0,4187,0,1,4187
-2.452395412964934,-0.24950174956703267,0.9247972516244207,-1.631950010629903,1,0,0,0,1,0,0,0,0,0,981,1,0,981
-1.2306975493788375,2.8292452283306955,-1.1372820747936025,-1.3190378792633188,1,0,0,0,1,0,0,1,0,0,3376,0,1,3376
-1.765304479853446,0.7158701017333285,0.5465460142341325,-1.3627977739413122,1,0,0,0,1,0,0,0,0,0,1349,0,1,1349
1.0771623774882413,0.2498071512142647,1.193233613643335,0.7480033503696324,0,0,1,0,0,1,0,0,0,0,4150,1,0,4150
0.1073485773927986,-0.626955200851608,-0.6248126563938572,0.8451994200669586,0,0,0,1,1,0,0,0,0,0,3867,0,1,3867
1.1361410754174543,-0.6231740904946633,-0.8627448863651676,1.331714130303781,0,0,1,0,0,1,0,1,0,1,6203,0,1,6203
-1.5530658585015886,-0.4660493540898505,-0.9420556296889376,-0.3502039206391645,1,0,0,0,0,1,0,1,0,0,2729,0,1,2729
-0.9281008975177536,0.9968609784266839,0.5343443614150909,-0.9730242038036783,0,0,0,1,0,1,0,1,0,0,5138,1,0,5138
-0.9437749955736962,-0.19073646585893111,0.2903113050342597,-0.01622782676833829,0,0,0,1,1,0,0,0,0,0,3331,1,0,3331
0.6682097777934511,-1.079322691449029,-1.5582390970505364,0.010851315977944915,0,0,0,1,1,0,0,1,0,0,8156,0,1,8156
0.12169003461283638,0.5171657972561599,-1.1128787691555195,-2.5285729219306354,0,1,0,0,1,0,0,1,0,1,5169,1,0,5169
-0.015982972864625838,-0.9219829755255943,-0.6309134828033779,-1.430358429817106,0,1,0,0,1,0,0,1,0,0,6196,0,1,6196
-1.368320738507294,-1.5827326426943973,-0.27096472464165194,0.0,0,0,0,1,1,0,0,0,0,0,2743,1,0,2743
-1.3289829246736078,-0.7412610754884786,-1.5216341385934116,-0.7985117657371645,1,0,0,0,1,0,0,1,0,0,1787,1,0,1787
1.1635660765451339,-1.3624317486935156,0.8271840290720883,0.9766740739287126,0,0,1,0,1,0,0,0,0,0,4661,0,1,4661
-0.605682770045997,-0.6782341389700399,1.6874005528145182,-0.3261359785662681,0,1,0,0,0,1,0,1,0,0,5459,0,1,5459
1.198962013513738,-1.393835198022617,0.05847990147247013,0.08607356397475358,0,0,1,0,0,1,0,0,1,0,6043,0,1,6043
-1.3919346359360316,2.357289309830574,1.0468137798148363,-0.8556812519031177,1,0,0,0,1,0,0,1,0,0,3214,0,1,3214
1.399399913444852,-0.43438413558219274,-1.4118192632220377,-0.09145007476514695,0,0,1,0,1,0,0,1,0,0,6685,1,0,6685
-0.519204343465596,-1.1421852318649908,-0.7285267053557104,2.0598397837800406,0,0,0,1,0,1,0,1,0,0,5582,1,0,5582
-0.9398580278831175,-0.7726607310613667,-0.1916539813178818,0.9977380364329549,0,0,0,1,0,1,0,1,0,0,5008,0,1,5008
-1.332538709333895,-1.4475649026533428,1.772812122547809,0.0,1,0,0,0,0,1,0,1,0,1,920,0,1,920
-1.6238141413834162,-0.5859446962108993,1.6996022056335598,0.0,1,0,0,0,1,0,0,0,0,0,1098,1,0,1098
-1.3015330143714254,0.3126696916302264,1.412863364386083,-0.6571008717637075,1,0,0,0,1,0,0,0,0,0,1851,0,1,1851
1.1634913490216252,0.20249901126332684,1.0224104741767532,-0.27498167264235585,0,1,0,0,0,1,0,1,0,0,6664,0,1,6664
0.6328698864674789,-0.23795608483161407,1.1017212175005233,0.5283662288307126,0,0,0,1,1,0,0,0,0,0,4839,0,1,4839
0.17277875151825967,-0.7176512660021367,1.1505278287766896,2.1410772120188906,0,1,0,0,0,1,0,0,0,0,3409,1,0,3409
-0.10638459442923222,0.2181925161227531,-0.5699052187081701,0.522343827483939,0,0,0,1,1,0,0,0,0,0,3071,1,0,3071
0.6327951589439701,-0.08051520207588508,0.10728651274863636,1.0880018455872322,0,1,0,0,1,0,0,0,0,0,4073,0,1,4073
-1.1403519734568632,0.24180232560909404,1.193233613643335,-0.8647076328185455,0,0,0,1,1,0,0,1,0,1,5260,0,1,5260
1.2854155309196365,0.06096661288564764,-1.4240209160410793,0.3628801716796266,0,1,0,0,1,0,0,1,1,0,6043,0,1,6043
-0.9398829370576197,0.3518212557275542,-1.2165928181173726,0.7480033503696324,0,1,0,0,0,1,0,0,0,1,1683,0,1,1683
1.1321493802033666,0.10043432333389052,-0.11844406440363246,0.37190655259505434,0,1,0,0,1,0,0,0,0,0,4677,0,1,4677
-0.4641426132269615,2.8605943004874383,1.278645183376626,-1.8064624486964167,1,0,0,0,1,0,0,0,0,1,1913,0,1,1913
-1.2975350918637116,-0.19858954121566239,0.1804964296628857,0.447128800591863,1,0,0,0,0,1,0,1,0,0,2947,1,0,2947
1.5645290585181224,-0.5131551603762028,-1.680255625240952,-0.4013510054583441,0,0,1,0,1,0,0,0,0,0,4602,0,1,4602
-1.0183966550907229,-0.1669749061241511,0.7356716329292766,-0.7172743374983148,1,0,0,0,1,0,0,1,0,0,4151,0,1,4151
0.49921971067223325,-0.5053020850194716,0.6624617160150272,0.7841088740313433,0,0,1,0,0,1,0,1,0,0,6869,0,1,6869
0.34971484530589914,-0.8433131175638766,-1.2898027350316221,0.6757923030462105,0,1,0,0,1,0,0,0,0,0,4917,0,1,4917
0.12555718395440965,-1.590478228291818,-0.9481564560984584,-0.0974652550071879,0,1,0,0,1,0,0,1,0,0,6565,0,1,6565
1.4112566805082267,-0.45019145312794856,1.6263922887193103,-0.04029576884123472,0,0,1,0,1,0,0,1,0,1,7286,0,1,7286
-0.9241341114781694,0.41473437955966236,1.608089809490748,-0.8947979762382154,0,0,0,1,1,0,0,0,0,0,3663,1,0,3663
1.120261476671863,-1.4490027362573035,-0.8993498448222922,-0.2569289108115004,0,0,1,0,1,0,0,1,0,0,7713,0,1,7713
0.6563530107300763,1.1777472745662763,0.7356716329292766,-1.0031145472233483,0,1,0,0,1,0,0,1,0,0,6998,0,1,6998
1.5998689498440948,-0.3400081269070124,-0.09404075876554935,-1.0482464518004868,0,0,1,0,1,0,0,0,0,0,4302,1,0,4302
-1.0105627197095646,-1.2129476372976193,-1.625348187555265,-0.09445405433380114,0,0,0,1,1,0,0,0,0,0,3614,1,0,3614
1.0298909915753853,0.18689402738215655,-1.2287944709364143,0.7720785135472614,0,0,1,0,0,1,0,1,0,0,6299,1,0,6299
-0.53106111052897,1.2485134737551158,0.1560931240248026,-1.153551822112233,0,1,0,0,1,0,0,1,0,0,5409,0,1,5409
-0.566344956212311,-0.13572700079970104,-1.3386093463077884,1.2775558448112145,1,0,0,0,0,1,0,1,0,0,4097,0,1,4097
-0.7623614776691624,1.958072343749002,-1.5033316593648494,0.0,1,0,0,0,0,1,0,0,0,0,1461,0,1,1461
0.6917489476986803,0.7924786854870796,0.2659079993961766,-0.6901951947520316,0,1,0,0,1,0,0,1,0,0,7129,1,0,7129
1.4583537021995623,0.17893978519313236,-0.7468291845842727,-0.9730242038036783,0,0,1,0,1,0,0,0,0,0,4845,0,1,4845
-0.1770892862556797,-0.009951336551631189,-1.4057184368125168,-0.5156899777902505,1,0,0,0,1,0,0,1,0,0,5062,0,1,5062
0.5345346928237027,-1.5038541281410773,-0.1977548077274026,0.07403598238593906,0,0,0,1,1,0,0,1,0,0,7693,0,1,7693
-0.6175146279348686,-0.03329558310320318,-0.3380738151463805,1.3527708717032907,0,0,0,1,0,1,0,0,0,1,2933,0,1,2933
-0.8444807987115592,1.3097826365624652,0.16829477684384417,-1.129613859924519,0,1,0,0,1,0,0,1,0,0,4862,0,1,4862
-0.9240780658355373,-0.4895579967438999,-0.8444424071366052,-0.04029576884123472,0,0,0,1,0,1,0,1,0,0,5445,0,1,5445
-0.3187602162408553,-0.9219829755255943,-1.3081052142601843,2.429921401312578,0,0,0,1,0,0,1,0,0,0,1607,0,1,1607
-1.1953327488783623,-0.237791688729137,-0.22215811336548572,0.08306236330136679,0,0,0,1,1,0,0,0,0,0,3403,0,1,3403
0.8883757439308528,-0.47380126261429056,-0.2282589397750065,0.5073022663264704,0,1,0,0,1,0,0,0,0,0,4978,0,1,4978
1.7610748999331602,-0.9771568366873002,0.4245294860437169,-0.8677188334919321,0,0,1,0,1,0,0,1,0,0,6786,0,1,6786
0.35365672217098115,-0.5053020850194716,1.052914606224357,0.4621703617493317,0,0,1,0,0,1,0,0,0,0,4539,0,1,4539
-0.837574730080633,-1.079322691449029,-0.7346275317652312,0.17633737312903092,0,0,0,1,1,0,0,1,0,0,5047,1,0,5047
0.4481060845923071,-0.2143968587614182,-0.1733515020893195,1.0970282265026599,0,1,0,0,0,1,0,1,0,0,5099,0,1,5099
-1.7574705444722876,0.5015102299588421,-0.18555315490836102,-0.7473646809179848,1,0,0,0,1,0,0,1,1,0,2298,0,1,2298
-0.21653296408100295,-0.01770324507606986,-0.7834341430413974,0.9796852746020993,0,0,0,1,0,1,0,1,0,0,6392,0,1,6392
0.7704993028895611,0.6664374583042412,1.5958881566717065,0.03491925805084135,0,0,0,1,1,0,0,1,0,0,7733,0,1,7733
-0.2598064274861451,0.3519224225598471,-1.3508109991268298,-1.8184928091804986,0,1,0,0,1,0,0,1,0,1,6457,0,1,6457
0.10196819570017425,-0.4265310602254611,-0.1977548077274026,0.28765792368281795,0,1,0,0,0,1,0,0,0,0,3204,0,1,3204
1.0691976689409426,-0.8749403985094251,-1.3813151311744338,-0.6901951947520316,0,0,1,0,1,0,0,1,0,0,6544,1,0,6544
-0.0553207866983122,-0.8196653705154261,1.6874005528145182,1.3287029296303943,1,0,0,0,0,1,0,1,0,1,5892,1,0,5892
0.7900592321679537,-0.19073646585893111,-0.18555315490836102,-0.26295131215827394,0,1,0,0,1,0,0,1,0,0,7665,0,1,7665
1.2658244651731152,0.46220691561307625,-0.1733515020893195,0.0,0,0,1,0,0,1,0,0,0,0,4294,1,0,4294
-1.081317229885018,-0.017652661659923394,0.3879245275865922,-0.6029425862711411,1,0,0,0,1,0,0,0,0,0,1011,1,0,1011
-0.880854420779401,-1.1500888906378688,-1.5094324857743702,-0.001186265610869593,0,0,0,1,1,0,0,0,0,0,3940,0,1,3940
-0.5310362013544672,-0.025556320432801476,1.1322253495481274,0.6035812557227886,0,0,0,1,0,1,0,1,1,0,5478,0,1,5478
0.3370547573648066,0.4971979937323612,0.3635212219485091,-0.7277449393602111,1,0,0,0,1,0,0,0,0,0,3239,0,1,3239
-1.1757665923063436,1.468766313510659,0.38182370117707143,-0.15162354049975432,1,0,0,0,0,1,0,0,1,0,1107,0,1,1107
-1.3525968221023459,0.14727456668547426,1.1749311344147728,-0.1125068161646566,1,0,0,0,0,1,0,0,0,1,1944,0,1,1944
1.0495567848454155,0.29681179066832414,1.6202914623097897,0.5133174465685113,0,1,0,0,1,0,0,1,0,0,6591,1,0,6591
1.4308228370802452,-0.8278345922230729,0.3086137842628221,-0.9670090235616373,0,0,1,0,1,0,0,1,0,0,6660,0,1,6660
0.9276824212964101,-1.5354169152310375,-1.1372820747936025,0.36889535192166756,0,0,1,0,1,0,0,1,0,0,7375,0,1,7375
0.7547442500164843,-1.110772930438065,1.089519564681482,0.3358010289333434,0,0,1,0,1,0,0,1,0,0,8009,0,1,8009
-0.9319929560338301,1.4373540120837318,-1.2653994293935389,-0.362241502227979,0,0,0,1,0,1,0,0,0,0,3053,0,1,3053
-1.0577842872734147,1.8067267626389178,-1.03966885224127,-1.6078820685570065,1,0,0,0,1,0,0,1,0,0,3423,1,0,3423
1.195045045823159,0.06892085507467184,1.2176369192814183,0.9495949311824294,0,0,1,0,0,1,0,0,0,1,4576,0,1,4576
-2.0462924228332744,-0.03617883782354911,-1.619247361145744,-0.9475120407843133,1,0,0,0,0,1,0,0,0,0,1605,0,1,1605
-0.774760019277975,-0.1591218307674195,-0.6736192676700233,1.2910304262417651,1,0,0,0,0,1,0,1,0,0,1834,0,1,1834
1.0456149079803334,1.0126177125562927,0.9614022100815455,-1.9207941999235905,0,0,1,0,1,0,0,1,0,0,7335,0,1,7335
2.004848536205674,-0.28489749501548933,-1.0884754635174363,-0.5427691205365337,0,0,1,0,1,0,0,0,0,0,3606,1,0,3606
1.218627806783768,0.46989559486733185,-0.10624241158459091,0.4080120762567653,0,0,1,0,0,1,0,0,0,0,4649,1,0,4649
-0.7276069519440078,0.9418009299513069,-0.9847614145555831,-0.7503758815913716,0,0,0,1,1,0,0,1,0,0,5847,0,1,5847
0.8608448788115358,-1.370388520053347,-0.6797200940795441,-0.20277062531893397,0,0,1,0,1,0,0,0,0,0,5058,0,1,5058
0.7389456060880275,0.9811042442970741,0.7234699801102351,-0.8586924525765044,0,1,0,0,1,0,0,0,0,0,4891,0,1,4891
-0.1928381118351307,1.3112748473387845,0.3025129578533013,-1.3130154779165455,0,1,0,0,1,0,0,0,0,0,4433,0,1,4433
-0.09457764571486324,-0.2537001731071854,-0.6797200940795441,-0.4043622061317309,0,1,0,0,0,1,0,1,0,0,5572,0,1,5572
-1.4311914949525832,-0.38722774587969394,-0.1977548077274026,2.1892203172694154,1,0,0,0,0,1,0,0,0,0,1005,1,0,1005
-2.00516114843538,0.39919262494867513,0.9614022100815455,-1.0331976695382856,1,0,0,0,1,0,0,0,0,0,1321,0,1,1321
0.5777085195308331,0.8474375671301635,0.05237907506294935,-0.8827603946494009,0,0,1,0,1,0,0,1,0,0,7525,0,1,7525
-1.0931739969483927,-0.36373174907968253,0.38182370117707143,-0.633032929690811,0,0,0,1,0,1,0,1,0,1,5319,0,1,5319
-1.360455666658007,0.918191120464966,-0.3746787736035052,1.0789754646718044,1,0,0,0,0,1,0,0,0,0,1526,0,1,1526
1.0574716750437083,0.09221451821009771,0.7905790706149637,0.7690673128738746,0,1,0,0,1,0,0,1,0,0,6536,1,0,6536
0.06662830437420231,-0.19063529902663817,1.2603427041480637,0.0,0,1,0,0,0,1,0,1,0,0,5026,0,1,5026
-1.4925241098723192,-1.2915808222826306,-0.033032494670341556,-0.7779749438783836,1,0,0,0,1,0,0,0,0,1,1606,0,1,1606
0.24348344334470717,0.9259936124055514,-0.35637629437494284,-0.7894853848217368,1,0,0,0,1,0,0,0,0,0,2927,0,1,2927
-0.47203259425075106,2.8212909861416713,-0.9969630673746247,-1.5808029258107232,1,0,0,0,0,1,0,1,0,0,4569,0,1,4569
-1.2013856782825638,-0.4629511198508824,1.5226782397574572,0.39937563499688394,1,0,0,0,1,0,0,0,0,0,754,1,0,754
0.393044354353673,-0.48965916357619144,1.7362071640906844,1.740905251066684,0,1,0,0,0,1,0,0,0,0,4553,1,0,4553
2.2012698317481973,0.3834358908190658,0.29641213144378054,0.4711967426647594,0,0,1,0,0,1,0,0,0,0,3784,0,1,3784
1.3679769898094587,-0.5996275102785055,1.5714848510336235,0.058994421228470366,0,0,1,0,1,0,0,0,0,0,4648,0,1,4648
0.2867631340434752,0.39907881226234454,0.9064947723958584,-1.147536641870192,0,0,0,1,1,0,0,1,0,0,7907,1,0,7907
0.6367370358090522,-0.09627193620549443,-1.4484242216791623,-0.9579826426462096,0,1,0,0,1,0,0,1,0,1,7641,1,0,7641
0.9277073304709129,-0.8827302445959734,1.052914606224357,-0.18772906416146526,0,1,0,0,1,0,0,0,0,0,4548,0,1,4548
